Rating,Size
4.1,19
3.9,14
4.7,14
4.5,25
4.3,2.8
4.4,5.6
3.8,19
4.1,29
4.4,33
4.7,3.1
4.4,28
4.4,12
4.2,20
4.6,21
4.4,37
3.2,2.7
4.7,5.5
4.5,17
4.3,39
4.6,31
4,14
4.1,12
4.7,4.2
4.7,23
4.8,6
4.7,25
4.1,6.1
3.9,4.6
4.1,4.2
4.2,9.2
4.1,5.2
4.5,11
4.2,11
4.7,4.2
3.8,9.2
4.7,24
,
4.7,11
4,9.4
4.2,15
4.5,10
,
3.8,1.2
4.2,12
4.7,24
4.6,26
4.2,8
4.3,7.9
4.2,25
4,56
3.8,57
,
3.9,35
4.3,33
4.9,33
4.4,5.6
4.2,54
4,201
3.9,3.6
4.6,5.7
4.9,17
4.3,8.6
4.6,2.4
4.9,27
3.9,2.7
4,2.5
,
,
4.2,7
4.8,35
3.6,16
4.2,16
,
4.8,17
4.6,3.4
4.5,8.9
4.3,3.9
4.5,2.9
4.9,38
3.9,32
4.4,37
4,15
4.3,5.4
3.7,18
,
4.3,38
3.2,1.1
,
,
4.5,7.9
3.7,35
,
4.6,17
4.6,19
4,14
4.4,2.2
4,4.5
4.7,17
4.9,14
4.7,9.8
3.9,21
,
4.2,52
4.6,14
4.3,25
4.7,9
,
4.8,12
,
4.3,35
4.5,6.7
4.1,30
,
4.2,2.9
4.5,17
4.4,2.9
,
,
4.1,2.6
4.4,4.2
4.6,7.1
4.5,57
,
3.9,22
4.4,24
,
4.6,21
3.8,3.4
,
,
4,6.4
4.3,3.2
4.5,8.2
,
4.1,2.9
3.7,23
4.7,4.6
4.2,3.1
,
4.5,4.9
4.6,9.5
,
,
,
,
,
4.5,4.2
4.4,5.4
,
4.6,2.8
4.8,5
,
4.6,5.9
4.2,13
4.1,7.1
4.7,6.7
,
4.3,17
3.3,19
4.6,6.7
4.8,21
,
,
4.1,37
4.6,15
4.1,23
4.6,19
4.7,23
4.5,73
3.9,4.9
4.4,6.8
,
,
4.5,2.9
4.4,3.5
3.4,4
4.9,21
4.6,2.3
,
,
4.4,10
4.4,6.1
4.4,2.1
3.5,42
,
4.4,30
,
,
,
4.3,29
,
,
,
4.3,35
3.9,9.1
4.8,25
4.5,3.9
4.4,18
4,12
4.3,21
,
,
,
,
4.2,55
4.6,3.2
,
,
3.1,23
3.9,16
,
4.1,14
4.4,37
,
,
4.5,11
4.4,25
4.4,7.3
4.3,6.5
4.4,25
4.6,3.1
,
4.4,1.5
4.7,7.5
3.8,8.6
,
,
,
,
,
4.7,39
4.5,14
4.2,19
4.7,6.8
4.8,39
,
4.2,14
4.3,20
,
,
4.1,26
3.8,51
4.3,41
3.8,20
,
4.1,12
4.6,48
4.3,10
4.5,22
4.1,11
4.5,8.5
4.6,8.6
,
4.2,28
4.4,28
4.4,37
4,9
4.2,46
,
4.1,14
,
3.8,26
3.9,23
,
,
4.2,14
4.3,20
,
,
4.1,26
3.8,51
4.3,41
3.8,20
,
4.1,12
4.6,48
4.3,10
4.5,22
4.1,11
4.5,8.5
4.6,8.6
,
4.2,28
,
,
,
4.7,39
4.5,14
4.2,19
4.7,6.8
4.8,39
,
4.3,35
,
4.5,29
4.3,41
,
4.6,4.9
4.7,27
4.7,32
4.8,12
3.9,15
4.1,11
4.4,28
4.6,2.2
4.5,3.4
4.7,8.3
4.4,4.3
4.5,4.7
3.9,10
3.2,15
3.2,7.1
4.1,21
4.5,6.1
,
4.2,15
3.7,11
4.5,29
4.6,3.3
,
,
4.7,40
4.4,10
3.5,9.1
3.3,4.7
4.5,38
,
4.2,6.7
5,37
,
4.7,7.8
4.4,19
4.4,5.7
4.6,35
,
,
4.3,17
,
,
,
,
,
4.3,8.8
,
4.3,16
4.3,11
4.3,11
,
4.3,15
4,6.6
,
4.3,6.6
,
,
3.9,5.1
,
3.6,18
4.4,4
,
,
,
4.4,37
,
4.2,22
,
4.4,3.3
4.4,32
3.9,37
,
,
,
,
,
4.4,17
,
,
3.9,35
4.5,40
3.7,61
4.3,66
,
,
4.3,11
4,79
,
,
4.1,25
4.2,14
,
,
,
,
,
,
4.4,24
,
4.1,17
4.3,8.3
,
4.5,8.2
,
,
,
,
4.3,8.4
,
,
4.4,4
4.2,32
,
,
,
4.6,6.1
,
,
4.2,2.8
,
,
4.4,3.3
4.5,40
4.1,2.2
,
4.1,4.3
4.3,4.7
4.1,2.3
4.2,2.3
,
4.2,11
4.2,2.7
4.2,14
,
4.3,13
4.4,3.7
4.2,10
4.4,13
4.1,10
4.2,13
4.8,8.8
4.4,5.5
4.4,20
4.4,29
,
,
4.4,11
,
4.2,17
4.5,17
,
,
4,118
,
4.3,16
4.2,5.1
,
4.6,44
4.1,7.3
4,30
4.2,695
,
4.1,1.6
4.3,19
,
,
,
4.3,11
,
,
,
,
4.1,23
4.6,26
,
,
,
,
,
2.6,6.2
NaN,20
NaN,18
NaN,1.2
3.5,17
,
4.1,15
,
4.1,56
4.2,12
4.5,11
4.4,29
,
4,40
,
3.1,53
4.4,3.1
4.2,24
4.1,23
3.9,5
4.3,44
4.4,27
3.5,6.1
,
3.3,21
4.5,11
4.4,21
4.1,24
3.9,31
3.9,27
3.6,6.2
,
3.6,12
3.4,8
4.2,5.9
4.1,7.9
3.4,5
3,1.4
4.6,13
4.1,40
3.9,13
1.9,19
3.5,5
2.5,19
3.9,27
3.4,3
3.5,13
4.4,7.2
3.8,25
,
2.5,5.7
2.8,5.5
,
4.2,6.5
3.5,5.8
,
3.3,3.8
4.1,41
4.2,7.9
3.5,2.8
4.2,20
4.4,15
4.1,28
4.2,9.6
4.3,13
4.1,15
4,40
4.1,56
4.2,12
3,9.4
4.4,29
4.5,11
2.5,19
4.1,23
,
4,27
,
1.9,19
3.3,45
4.4,21
4.1,40
3.8,25
4.1,15
4.2,24
,
4.5,11
3.7,38
3.9,31
3.5,6.1
3.9,27
4,32
4.6,13
4,63
4.1,44
,
3.3,16
4.4,28
,
4.2,5.9
3.9,13
4.3,9
3.4,20
4.2,7.9
4.1,28
4,49
3.6,27
4.2,18
3.5,14
4,27
4.1,41
4.1,38
2.8,5.5
4.4,27
4.4,7.2
4.2,21
4.1,8.8
4.2,38
,
4.1,11
4.2,6.5
3.9,26
4,19
4.2,6.1
4.5,77
3.9,9.5
3.6,14
4.4,38
3.5,16
4.4,3.4
4.8,4.7
4.6,5
4.7,4.9
4.8,4.9
NaN,16
2.7,3.9
5,4.4
NaN,4.8
4.8,4.5
5,70
4.8,4.9
NaN,3.7
4.9,4.9
3,16
NaN,4.6
NaN,3.6
4.7,21
NaN,13
NaN,8.7
1,9.2
NaN,6.9
NaN,39
NaN,8
NaN,3.9
NaN,14
NaN,11
NaN,13
5,9.3
4.7,5
NaN,10
5,5
NaN,5
NaN,3.6
NaN,19
5,5
NaN,9.8
NaN,14
NaN,5
NaN,4.9
3,5.5
4.1,11
NaN,3.8
NaN,5
NaN,8.2
NaN,21
NaN,12
NaN,10
NaN,3.3
5,25
3.7,15
4.5,10
4.2,4.9
NaN,4.4
NaN,3.5
NaN,7.8
4.3,9
4.1,15
1.9,19
4.1,56
4.4,38
NaN,16
3.9,5
3.9,27
NaN,4.7
,
4.4,3.4
4.7,4.9
3.8,25
4.4,29
4.4,8.1
3.6,14
4.4,27
2.7,3.9
4.3,13
4.6,5
2.8,5.5
3.5,16
NaN,4.8
3.4,14
4.8,4.7
4.7,3.7
4.8,4.9
4.8,3.5
4.7,4.5
,
3.5,36
4.7,4.5
3.8,19
2.9,14
4.5,77
3.3,21
4.1,7.9
NaN,9.3
,
4.6,18
4.7,18
4.6,21
4.7,3.3
NaN,24
4.5,39
4.7,3.2
4.8,5.1
4.6,11
4.6,27
4.6,37
,
4.9,26
3.8,11
,
4.4,41
4.4,49
4.3,21
4.5,8.1
4.4,51
4.6,14
3.9,18
4.4,3
4.3,19
,
4.2,22
4.4,6.9
4,7.4
4.2,84
3.8,25
4.5,18
,
4.5,2.5
4.3,3.9
,
4.3,21
4.7,27
,
4.6,21
4.6,18
,
4.5,18
,
4.6,10
,
,
,
,
4.4,97
4.2,17
,
,
4,2
4.1,1.9
4.3,1.8
4.3,1.8
4.3,17
4.5,18
4.6,5.3
,
4.6,5.4
4.7,5.4
4.7,5.4
4.3,15
4.7,5.3
4.6,48
4.6,5.4
4.6,47
4.3,556
4.2,29
4,2.3
,
4.2,4.4
4.1,6.6
,
4,526
4.5,12
,
4,29
,
,
,
4.6,21
4.6,18
,
,
,
4.5,18
4.3,17
4.6,10
4.5,76
,
4.2,17
,
,
4.6,18
4.3,21
,
4.7,6.9
,
4.4,14
4.5,76
4.4,11
4,19
4.6,6.5
4.4,7
,
4.7,3.3
4.3,21
,
4.2,2.6
4.3,21
4.3,5.2
4.3,18
,
4.2,16
4,15
4,1.2
,
,
4.1,18
3.9,1.8
4.1,7.6
,
,
4.4,59
,
4,6.9
4.4,14
4.4,41
4,19
4.5,76
,
4.3,21
4.5,21
4.3,21
,
4.3,21
,
,
4.6,5.4
3.5,7.3
,
4.4,59
4.4,41
,
4.3,21
4.5,76
4.8,7.6
,
4.1,13
4.9,63
4.7,44
4.7,24
4.7,24
,
4,4.5
,
4.3,11
,
3.5,4.6
,
,
4.6,3.3
4.2,6.5
,
,
,
3.8,12
,
4.3,5.6
4.4,9.7
4.4,15
,
3.7,52
,
,
4.4,4.5
,
4.2,49
4.2,18
4.5,13
4.7,4
4.5,16
4.5,17
,
4.2,24
,
4.2,12
,
4.1,78
,
4.2,25
4.3,57
,
3.9,9.1
4.1,39
,
4.5,16
,
3.6,8.5
4.3,12
4.3,72
4.2,12
,
,
4.1,16
4.2,9.6
,
4.2,22
,
4.5,13
,
3.8,12
,
3,23
4.1,20
4.2,25
4.1,17
,
4,19
4.4,21
4.2,19
,
,
,
,
4,19
4.3,4.4
3.9,19
4.2,12
,
4.3,11
,
,
,
3.8,12
4.2,25
,
,
4.4,21
4.5,13
4.1,17
4.1,20
,
4.5,20
4,19
4.1,17
3.6,21
3.8,15
4,19
4.2,19
3.7,7.2
3.8,32
,
,
3.7,44
3.9,19
,
4.3,11
,
,
,
4.2,25
,
,
,
,
4.5,16
,
4.1,20
,
4.4,21
4.1,30
,
,
3.9,57
4,19
4.1,17
,
3.8,15
4,19
3.9,19
4.2,19
3.7,44
3.9,19
4.2,35
4.3,44
,
,
4.3,20
4.6,19
4.2,25
,
4.5,43
,
,
4.2,3.6
4.4,7.7
4.2,44
4.3,12
4.6,53
4.3,77
,
4,9.5
4,36
4.5,6.3
4.5,5.9
,
4,12
4.2,2.8
4.4,26
4.6,8.7
NaN,16
4.6,53
,
4.6,14
4.4,8.9
4.6,11
4.9,334
4.5,24
4.6,13
,
4.3,2.8
NaN,9.7
NaN,1.4
,
4.3,3.5
5,61
4.4,6
5,2.3
4.5,9
NaN,11
NaN,27
NaN,3.6
,
4.8,29
4.4,4.4
5,21
NaN,13
3.7,27
NaN,11
4.1,24
NaN,6.1
4.8,6.3
NaN,23
NaN,34
4.6,3.8
,
,
3.6,42
,
3.8,19
4.2,70
4.2,32
4.2,93
,
,
,
4.2,40
4.7,24
,
4.7,20
4,15
3.6,28
4,10
,
,
,
4.2,14
,
4,42
4.1,65
4.4,37
,
4.5,39
4.3,47
4.6,79
4.3,18
,
4.5,100
4.5,32
3.6,46
,
4.1,9.8
3.5,8.2
4.4,18
,
4.5,39
4.2,44
,
4.2,5
4.8,21
4.5,22
4.2,23
,
,
,
4.4,27
,
4.2,5
4.6,32
4.6,7.4
4.4,24
4.3,22
,
4.2,10
3.8,17
4.5,38
4.6,46
4.6,3.8
4.7,9.3
4.6,8.4
4.6,28
,
3.8,9.7
4.3,11
,
4.5,7.4
4.6,19
4.6,16
4.7,14
4.5,22
4.4,25
3.9,3.6
,
,
4.1,4.5
,
4.4,23
,
,
,
4.4,4.2
,
3.9,58
,
4.5,22
,
4.1,1.4
,
4.6,9.1
4.5,22
,
,
,
,
4.3,21
,
,
4.4,11
4.1,38
4.4,12
4.2,45
4.3,50
4.4,24
4.3,47
4.3,23
3.9,46
4.1,45
4.1,50
4.2,24
4.5,33
,
4.7,12
4.4,53
4.6,14
4.6,68
4.4,37
4.6,79
4.3,32
4,46
4.4,40
4.6,32
,
4.1,24
3.6,42
NaN,12
4.1,13
4.6,13
NaN,4.9
4.7,8.9
,
4.7,19
,
4.1,14
3.4,64
3.8,8.4
3.7,11
4.2,66
,
3.5,41
4.7,15
4.5,35
4.2,36
4.3,17
4,25
4.5,35
4.6,10
,
4.1,12
,
3.8,11
,
,
4.2,17
4.3,43
3.8,41
,
3.7,43
4.5,16
3.6,39
4.8,13
3.3,30
4.7,7.1
4.6,23
4.6,17
3.4,18
,
4,17
,
4.5,15
4.4,22
,
4,9
4.1,7.2
,
,
4.1,2.3
4.5,27
,
4.5,8.2
4.3,76
3.6,22
,
4.6,19
,
,
3.9,28
4.5,35
,
3.6,22
,
,
,
4.6,25
4.4,30
4.2,8.5
,
4.3,17
4.2,34
4.5,34
,
4.3,17
4,16
,
4.8,15
4,2.2
4.9,11
4.8,6.9
4.9,13
4.8,11
4.4,2.9
3.3,25
4.7,7
4.6,27
4.8,7.5
,
4.8,15
4.5,9.4
4.4,6.4
4.5,5.5
4.5,3.9
4.5,55
4.8,28
,
4.6,8.8
,
4.5,4
4.7,6.9
4.7,11
,
4.2,5.5
,
4.2,15
4.4,4.3
,
4.6,7.1
4.2,58
,
,
4.5,18
,
3.7,1.5
4.5,6.5
4.6,11
4.6,67
,
4.5,57
4.5,59
4.6,48
4,57
4.3,13
,
,
,
4.6,31
4.9,10
4.5,57
,
4.6,21
4.5,25
4.6,93
4.6,60
4.5,27
4.5,54
,
,
4.5,59
,
4.6,78
4.4,55
,
,
4.6,67
,
4.4,35
,
4.4,43
4.2,39
4.5,4.2
4.5,44
4.4,45
,
4.6,28
4.6,29
4.9,12
4.4,15
4.3,31
,
,
,
,
4.7,20
4.6,39
4.3,94
4.4,35
,
,
4.3,41
4.6,49
4.6,22
,
4.6,23
4.6,28
4.5,7.2
4.1,6.5
,
4.6,24
,
,
4.8,20
,
4.5,15
,
4.4,55
,
4.5,38
4.3,32
,
,
4.6,40
4.5,59
,
,
,
4.4,23
4.7,6.1
,
4.2,58
4.5,55
,
,
4.5,57
4.6,93
4.6,60
,
,
,
,
,
,
4.5,19
4,3.8
4.6,18
4.1,57
4,5.5
,
4.4,5.7
4.1,51
3.5,9.4
4.3,3.3
,
4.2,4
,
,
4.5,19
4,3.8
4.5,4.3
4.6,18
4.4,5.7
,
4.1,3.6
4,5.5
4.1,57
4.1,51
4.2,58
,
3.5,9.4
4.3,3.3
4.2,4
,
,
4.5,9.9
4.4,43
3.7,37
,
,
4.6,40
4.7,73
4.6,28
,
4,23
4.4,10
4.4,15
4.8,8.4
4.6,31
,
,
,
4.4,41
,
,
4.7,20
4.6,39
4.4,35
4.5,34
4.8,7.5
,
4.5,12
4.1,7.7
4.1,21
4,18
4.3,40
,
NaN,8.7
,
3.7,8.6
,
4.2,18
4.5,7.5
4.3,9.1
3.9,13
,
4.3,15
,
4.6,19
,
,
NaN,5.1
4.4,26
4.7,8.3
3.4,27
4.3,7.9
,
4,27
4,5.1
3.8,15
NaN,3.1
4.3,16
3.6,9.2
,
,
4.6,10
NaN,2.6
4.5,13
4.7,1.9
4.3,7
3.7,15
NaN,4.2
4.2,7.8
3.4,77
3.9,5.7
4,5.9
4,7.6
4,5.8
,
4,5.8
4.1,5.3
3.9,5.5
4.4,25
4.4,35
4.3,7.9
4.6,19
4.5,7.5
4.5,12
,
4.5,34
4.3,30
,
,
4.3,16
,
4.1,16
,
4.4,15
4.6,21
NaN,1.8
4.1,4.3
NaN,10
NaN,3.7
3.8,232
4.6,99
3.5,624
4.7,6.9
4.3,7
4.5,7
4.4,6.4
,
4.3,16
NaN,5.9
4.3,95
4.6,8.5
4.6,20
NaN,2.5
4.2,50
NaN,10
NaN,18
4.6,12
NaN,2.5
NaN,2.1
4.4,22
3.9,41
4.5,22
3.8,292
4.3,5.5
,
5,2.5
3.2,8.1
4.5,28
4.7,24
4,3.1
NaN,3.4
4.1,11
3.8,13
4.7,19
4.5,9.5
NaN,21
4.2,9.4
NaN,2.4
4.1,36
3.1,55
4.1,32
4.1,34
4.3,5.1
4,100
4.6,80
4.4,3.3
4.4,28
4.3,5
4.6,11
3.2,55
4.5,7.1
4.6,3.2
4.6,4.4
4.3,16
3,6.3
4.4,45
4.4,23
4.3,37
3.5,13
4.3,8.1
4.5,13
3.7,14
4.5,30
4.2,36
4.3,3
4.6,1.4
4.5,39
3.9,1.8
4.3,1.7
3.3,19
4.7,15
4.2,10
3.2,2.7
4.4,16
3.5,21
3.7,20
3.8,14
3.8,76
3.7,18
4.6,12
4,6.2
,
3.8,6.8
,
4.7,24
3.9,19
4.1,13
4.6,15
4.2,13
,
,
4.2,44
,
4.6,9.7
4.7,24
4.1,13
3.9,4.5
4,4.5
4.1,29
4.6,12
4.1,12
,
4.1,4.6
4.4,10
3.8,6.8
4.3,33
4.1,12
,
4.1,4.6
4.4,10
3.8,6.8
4.3,33
4.4,13
4.2,15
4.4,23
4.3,7.7
,
4,15
4.2,25
,
3.9,3
4.4,22
,
,
4.5,7.5
4.8,24
,
4.5,44
,
,
4.5,14
4.5,67
4.5,76
4.4,74
4.7,23
4.5,46
4.2,24
,
4.6,97
4.3,62
4.3,24
4.2,33
4.6,7.8
4.4,46
4.4,69
4.5,75
4.4,67
4.3,50
4.6,98
,
4.2,4.9
4.2,37
4.5,18
4.5,52
,
4.7,78
4.7,3.9
4.5,59
4.4,97
4.3,11
3.8,38
,
,
,
,
4.1,85
4.3,78
4.4,63
,
4.3,24
4.4,69
4.7,75
,
4.4,70
4.6,63
4.5,99
4.4,49
,
4.5,76
4.5,67
4.3,24
4.5,52
4.6,98
4.4,74
4.4,69
4.5,82
,
4.6,96
4.5,99
4.5,46
,
4.5,99
4.8,87
4.7,3.9
4.4,67
,
4.5,53
4.6,7.8
,
4.6,97
,
,
4.5,59
,
4.4,46
4.7,75
4.3,50
4.3,62
,
4.3,23
4.5,72
4.4,70
4.5,18
,
4.5,35
4.6,78
4.7,25
4.6,74
4.4,97
4.4,17
4.5,53
,
4.3,11
4.5,60
4.5,57
4.4,14
4.5,67
4.2,33
4.5,76
4.4,74
,
4.2,40
4.5,59
4.5,52
,
,
4.5,100
4.3,62
,
,
,
,
4.1,85
4.8,87
4.4,33
4.2,32
4.4,40
4.7,29
4.3,40
4.7,24
4.2,38
4.3,52
,
4.1,54
4.1,71
4.2,73
4.5,57
4.7,38
4.6,62
4.5,95
3.1,16
4.1,39
3.4,78
4.4,36
,
4.6,31
,
4.3,98
4.6,24
4.2,85
4.2,33
4.5,100
4.4,36
4.2,86
4.5,80
4.8,87
4.4,79
4.6,30
4.5,87
4.3,91
4.6,63
,
,
4.5,95
4.6,48
,
,
4.1,93
4.5,53
4.6,82
4.4,99
4.7,49
4.6,25
,
4.5,91
4.6,52
4.2,56
4.5,56
4.8,85
4.1,81
4.3,82
4.4,98
4,77
4.2,99
,
4.2,96
4.5,96
4.7,82
4.2,70
4.4,63
4.6,35
4.9,48
4.4,84
4.5,15
4.6,69
4.2,46
4.5,15
4.6,33
4.6,48
4.5,67
4.4,74
4.6,57
4.5,52
4.6,25
,
4.4,36
4.3,31
4.3,91
,
4.3,92
4.3,70
4.6,93
4.5,52
4.5,91
4.2,37
4.7,64
4.3,35
4,97
4.4,93
4.3,28
4.6,83
4.7,99
4.4,55
4.7,82
4.4,14
4.3,81
,
4.4,74
4.5,67
4.5,52
4.5,76
4.4,67
4.3,50
4.5,46
,
,
4.6,97
4.6,98
4.4,70
4.4,69
4.7,3.9
4.6,7.8
4.5,18
4.3,24
4.3,62
4.3,11
,
4.8,87
4.5,99
,
4.5,82
4.5,94
,
,
,
4.6,96
4.7,75
,
4.5,14
4.5,59
4.6,74
4.5,29
4.4,17
4.4,97
4.6,78
,
,
4.4,63
,
4.7,25
4.6,29
4.5,72
,
4.5,53
,
4.5,76
4.2,33
4.5,60
4.3,62
,
,
4.6,78
4.7,75
,
4.4,70
4.6,99
4.5,99
,
4.5,27
4.5,70
4.6,88
4.6,63
4.3,82
4.6,48
,
4.7,31
4.5,23
,
4.7,59
4.6,39
4.4,54
4.3,48
,
4.3,30
4.4,66
4.2,32
4.3,50
4.5,53
4.4,61
4.7,49
4.2,38
4.1,20
,
,
4.5,66
4.1,57
4.3,95
,
,
4.5,32
4.6,33
4,66
4.3,75
4.5,29
4.4,74
4.4,69
4.6,7.8
4.2,33
4.5,52
4.6,50
4.5,46
4.7,12
4.5,41
4.5,63
4.5,53
4.4,63
4.6,99
,
4.4,20
4.3,11
4.7,75
4.7,13
4.4,46
4.3,78
4.4,49
4.5,14
4.5,100
,
4.4,97
,
,
4.4,15
4.6,33
,
4.4,70
4.6,10
4.6,77
,
,
4.2,4.9
,
4.7,25
4.6,96
4.3,23
4.6,51
4.4,96
,
,
,
4.4,70
4.3,38
4.7,24
,
4.4,20
4.5,67
4.4,19
4.4,51
4.5,22
4.6,46
4.5,21
4.3,39
4.7,23
4.4,26
4.5,39
4.2,24
4.5,15
4.5,20
4.7,24
4.4,44
4.3,38
4.6,52
3.9,14
4.2,49
4.5,8.9
,
4.5,56
4.4,99
4.4,10
4.8,6.9
4.4,20
4.4,10
4.3,19
4.6,33
4.1,85
4.5,48
4.5,9.6
,
4,15
,
4.6,50
4.5,51
4.5,24
4.5,13
4.4,16
,
,
4.5,63
4.2,15
4.3,26
4.5,81
4.2,79
,
4.4,94
4.6,46
4.6,43
4.5,45
4.2,91
4.5,91
4.6,53
4.6,28
4.1,26
4.5,56
4.6,80
4.6,60
,
4.3,67
3.8,78
4.5,27
,
4.8,63
3.9,26
4.5,46
4.4,83
4.3,60
4.2,44
3,82
4.5,67
4.4,99
,
4.7,24
4.1,78
,
,
4.5,51
4.6,94
4.3,16
4.3,93
4.5,77
4.2,32
4.2,58
4.4,48
4.5,69
4.1,73
4.2,99
4.1,16
4.7,54
4.3,56
4.4,68
4.4,25
NaN,7
4.3,54
4.4,51
,
4.3,48
4.2,44
4.2,8.7
4.3,91
4.3,97
4.1,26
4.2,16
,
4.3,53
4.3,95
4.5,83
4.1,78
4.5,56
4.2,21
4.4,26
4,60
4.1,22
4.3,95
4.3,48
4.4,58
4.3,91
4.1,22
4,36
4.3,37
4.6,70
4.3,34
4.7,49
4.3,9.8
4.4,37
,
4.7,55
3.9,84
4.1,16
4.1,92
4.1,57
,
4.7,24
4.4,6.9
4.3,44
4.5,11
4.3,16
4.3,17
4.1,18
4.1,16
4.1,19
4.6,1.6
4.1,47
4.4,16
4.4,14
,
4,75
4.8,25
3.8,5.7
,
4.5,17
4.8,3.5
4.4,16
4.8,42
4.2,47
4.2,67
4,26
4.7,72
4.7,37
3.9,1.2
4.5,17
4.1,19
4.4,23
3.9,25
4.4,83
4.4,94
3.6,97
4.4,37
4.1,92
3.6,48
4.6,12
4.3,15
4.5,83
4.4,9.5
4.1,19
4.4,23
3.9,25
4.4,83
4.4,94
3.6,97
4.4,37
4.1,92
3.6,48
4.6,12
4.3,15
4.5,83
4.4,9.5
4.5,67
,
,
,
3.9,63
4.2,49
4.1,14
3.9,58
4.1,22
4.2,15
,
3.8,50
4.3,59
4.3,34
,
3.9,54
4.3,53
,
,
4.3,37
4.2,25
4.1,26
4,61
4.4,58
4.3,91
4.3,17
4.4,83
4.2,17
,
4.3,64
4.2,41
4.6,58
4.1,23
4.5,71
,
,
4.3,23
4.2,12
4.4,704
4.6,2.9
4.5,25
,
4.5,20
3.2,21
4.6,5.4
4.5,25
4.1,42
4.6,32
4.5,1.8
4.4,33
4.4,3.8
4.4,5.8
3.8,9.5
4.6,19
,
4,5
5,23
4.3,862
3.4,9.9
NaN,24
3.4,2.4
4.3,899
4.4,38
4.4,6.5
4.2,14
5,1.2
4.1,48
3.9,378
4.6,22
4.2,4.8
,
4.2,25
3.6,266
4.5,375
NaN,62
4.7,1.2
,
4.5,2.8
4.2,95
4.2,2.6
4.3,4.6
,
4.1,5.1
4.4,1.8
,
,
4.2,53
4.5,39
NaN,5.3
2.6,14
4.6,8.4
4.8,18
4.2,41
4.7,100
3,3.4
3.5,68
4.6,2.6
4.8,11
,
4.6,37
,
4.8,9.8
4,23
3.7,18
4.2,7.4
4.8,11
,
3.5,23
3.9,34
4.2,15
4.8,13
2.7,24
4.2,20
4.7,14
4.6,69
4.5,38
4.7,26
4.7,2.6
4.5,21
4.7,38
4,16
3.4,21
3.5,10
3,22
4.7,14
4.6,36
4.2,16
4.8,61
4.5,11
4.2,8.5
3.8,37
,
,
4.5,22
4,17
3.6,7.7
4.4,39
4.7,30
4.9,3.7
3.6,28
4.5,16
4.1,20
4.6,8.9
4.7,97
4.7,12
2.8,72
,
4.6,21
,
3.4,27
NaN,5.7
4,6.6
4.8,12
4.2,5.9
3,20
4.5,15
3.7,26
4.5,3.3
4.5,44
4.6,32
4.2,12
4.6,36
3.6,17
4.4,5.8
4.4,11
4.5,16
4.5,25
4.1,6.1
,
4.3,22
4.3,28
4.7,6.3
4.5,25
4.5,60
4.5,20
4.2,8
4.4,20
3.9,6.4
4.2,34
4.4,3.8
4.1,42
3.4,2.4
4.1,70
4,5
NaN,28
4.1,21
3.5,38
,
4,74
4.5,1.8
4.3,12
4.3,13
,
4.6,2.9
4.1,48
4.6,19
3.5,68
2.3,6.8
4.5,12
4.3,5.8
4.2,41
4.2,25
3.1,42
4.4,6.5
4.4,13
2.9,1.5
3.1,3.2
3.7,7.7
4,1.3
3.8,26
4.6,5.4
4.4,11
3.8,9.5
NaN,62
4.8,18
,
NaN,3.1
NaN,1.8
NaN,66
NaN,5
3.7,2.9
5,22
3,16
3.7,19
NaN,40
NaN,23
NaN,15
NaN,29
NaN,16
NaN,65
NaN,29
NaN,20
NaN,3.8
NaN,19
NaN,25
NaN,5.1
NaN,16
NaN,1.5
3.7,10
5,22
NaN,3.6
NaN,20
5,20
NaN,13
5,2.5
NaN,3.6
5,24
NaN,10
5,25
5,29
NaN,17
5,53
5,83
5,4.6
NaN,4.6
NaN,28
NaN,29
4.3,46
4.9,5.7
NaN,1.4
NaN,12
NaN,2.2
NaN,27
NaN,18
NaN,30
NaN,3.5
5,4.2
NaN,6.9
NaN,6.6
4.9,7
4.6,11
5,5.6
NaN,29
NaN,3.3
NaN,20
NaN,7
4,3.3
NaN,29
5,7.1
,
4,23
2.6,24
4.7,14
4.8,13
4.3,34
4.7,4.3
2.5,43
4.6,69
4.5,22
4.1,20
4.5,25
4.3,2
NaN,40
3.8,37
4.4,40
NaN,4.3
NaN,5.7
NaN,4
4.5,17
4.5,11
3.8,4.4
4.5,15
4,2.3
4.5,40
3.7,8.4
4.3,11
3.7,2.9
NaN,2.4
4.4,15
3.8,24
NaN,29
2.7,24
5,22
4.3,86
,
3,22
5,11
3.6,975
4,980
4.3,6
4.7,20
5,26
4.7,13
NaN,23
4.6,2.7
3.1,4.2
4.4,28
5,6.1
3.6,15
2.8,1.2
4.4,37
4.2,5.9
4.6,14
4.2,2.3
NaN,32
3.8,2.7
3.5,2.2
4.7,26
,
,
,
4.4,4
,
4.2,1.5
,
4.3,3.7
,
,
,
4.4,2.8
4.4,3.9
4.3,3.1
,
4.4,2.8
4.5,20
4.6,9.9
4.6,5.3
4.6,10
4.4,2.6
,
4.5,31
4.3,2.3
4.4,6
4.6,17
4.3,20
4.8,62
,
4.6,15
,
4.6,18
4.3,5.4
3.6,2.8
4,15
,
4.4,5.3
,
,
4.5,37
,
4.2,23
,
,
,
,
4.1,28
4.5,35
,
4.2,76
,
4.3,34
,
,
,
,
3.7,2.7
,
3.7,4.1
,
,
,
,
4.1,85
4,15
4.1,89
,
,
,
4.3,20
,
4.2,9.3
,
4.2,76
4.3,34
4.1,16
,
,
,
,
,
,
4,8.4
,
4.3,20
,
4.2,76
4,68
4.4,13
4,50
4.2,23
,
,
4.1,28
,
,
4,7
4.2,23
,
4.2,76
,
4,68
,
,
4.4,13
4.4,56
,
,
4,8.4
4.2,23
4,22
4.5,15
,
4.3,30
4.2,30
4.3,27
,
,
,
4.5,20
4.3,42
,
4.2,18
4.4,4.2
,
4.2,30
3.6,33
4.5,7.9
4.4,12
3.8,15
,
3.6,10
4.2,9.9
3.6,9
,
4.4,21
4.5,13
4.1,11
4.3,21
4.3,8.1
,
,
4.2,12
4.2,7.3
,
4.2,15
4.3,22
4.6,11
4.4,8.3
,
3.8,20
4.6,38
4.5,9.1
4.1,24
,
,
3.8,29
,
3.3,98
4.1,25
,
4.2,18
,
4.4,6.1
4.1,14
4.2,21
,
4.3,43
4.5,15
4.1,23
4.5,52
,
,
4.5,57
4.6,20
4.7,40
4.3,17
4.4,13
4.4,33
4.2,18
,
,
,
,
4.1,29
,
4.5,31
,
,
,
4.6,20
4.3,13
4.1,7.3
,
,
,
4.6,12
4.2,8.8
4.2,18
4.1,14
4.2,21
4.3,43
4.2,34
,
,
4.5,15
,
4,26
,
4.4,34
4,2.7
4.5,52
,
4.1,29
,
,
4.5,20
4.2,23
,
4.3,42
4.4,16
4.5,12
4.6,6.5
,
4.3,15
4.3,17
4.1,24
4.7,22
,
4.2,15
,
4.2,18
4.2,8.8
4.1,14
4,2.7
4.1,29
4.5,20
4.6,6.5
4.3,15
,
,
4,6.2
4.5,19
4.1,27
4.4,1.1
4,2.7
,
4.5,16
4.4,8.8
4.5,12
4.1,24
4.3,56
4.5,15
4.2,18
,
4.5,14
4.7,22
4.1,28
4.6,59
4.8,37
4,36
4.7,9.5
4.7,82
4.1,28
,
,
4.5,9.7
4.7,22
4.7,17
,
,
4.5,7.7
,
4.5,11
4.5,21
4.4,19
,
4.3,8.7
4.5,30
4.4,25
3.3,17
,
4.4,13
4.5,23
,
,
4.5,22
4.7,9.1
4.5,8.3
,
4.6,19
4.4,53
,
4.3,17
4.6,10
,
4.5,29
4.5,46
4.2,4.5
4,4.9
,
4.7,24
4.3,23
4.6,25
4.4,26
,
4.3,2
4.3,19
4.4,9.6
,
4.4,13
4.6,4.2
4.3,16
4.6,59
,
,
4.2,9.5
,
4.4,53
3.9,6.6
,
,
4.2,27
,
4.3,22
,
4.3,50
4.1,30
,
4.3,17
4,18
4,10
4,9.9
4.4,23
4.3,51
4.1,35
4.2,16
3.9,11
4.4,74
4.4,48
,
4.4,13
4.6,4.2
4.3,16
4.6,59
,
4,5.6
4.3,1.5
4.2,5.7
4,6.1
4.1,1.9
4.1,4
4,47
,
4.3,2
4.2,9.5
,
4,22
4.4,14
4.1,10
,
,
4.3,6.9
4.2,44
,
,
,
4.3,51
4.4,48
,
4.4,43
4.4,21
,
4.6,25
4,3.9
4.1,4
4.2,51
,
,
4.6,9.6
,
4.2,9.5
,
4.2,50
,
,
4.4,21
,
4.4,31
4.1,27
,
,
,
4.4,53
4.5,34
,
3.8,12
4.3,50
4.4,47
,
,
,
4.2,9.2
,
,
4.3,51
4.4,48
4.2,24
4.1,1.6
4.3,17
4,31
4.6,59
4.3,46
4.4,53
4.5,45
,
4.3,9.8
,
,
,
4.4,34
4.7,20
4.6,19
4.2,6
,
4.3,15
4.5,6.5
4.6,6.2
,
,
,
,
,
,
3.9,14
,
,
4.3,6.1
4.6,17
4.3,24
,
4,13
4,10
4.6,10
4.3,6.9
4.2,31
,
,
4,28
4.6,2.6
4.7,30
4.3,13
4,27
4.5,29
4.7,18
4.4,35
4.8,17
,
4.3,18
,
4.4,3
3.9,32
4.4,24
,
,
,
,
,
,
4,10
4.4,34
,
4.1,6.6
4,27
,
,
,
3.1,25
4.1,6.6
2.9,24
,
4.5,25
4.3,33
4.1,88
4.3,9.3
,
,
4.4,84
4.2,4.7
4.3,25
3.4,12
,
4.2,9.9
,
4,61
4.1,25
4,52
4.6,57
,
4.5,41
4.4,4.6
4,10
3.5,23
4,27
,
4,33
,
4.8,4.7
4.1,2.2
,
4.3,95
4.4,34
,
4.6,9.4
4.5,19
4.3,3.9
,
,
,
4.4,34
,
4.5,21
4.5,19
4.1,6.6
4,82
,
,
,
,
4.1,19
,
3.5,26
4.5,5.2
3.9,16
,
4,33
,
,
4.2,6
4.6,25
,
4.4,34
4.5,8.1
4.4,35
4.3,25
,
,
4.5,19
4,48
4.2,21
4.1,6.6
3.9,32
,
4,82
3.5,23
4,52
,
,
4.1,14
,
,
4.4,25
,
4.3,58
4.5,19
4.5,29
4.4,81
,
,
4.4,28
,
,
,
,
,
4,7.6
4.7,33
,
4.6,42
3.9,8.3
3.6,14
,
,
,
3.9,37
4.1,14
,
3.1,21
3.7,28
3.4,27
,
3.6,39
,
3.3,17
,
3,39
3.6,51
4.8,86
,
,
,
4.5,26
,
3.7,46
4.5,29
4.4,27
4.1,14
,
4,10
3.9,71
4.4,15
,
,
4.3,11
,
4.2,62
3.5,80
4.3,5.4
4.7,9.8
,
,
,
4.3,7.6
4.1,26
4.2,13
,
,
4.3,62
4.3,10
4.4,15
3.5,80
4.1,14
,
4.4,57
4.2,51
3.9,8.3
4.2,24
,
4.4,29
,
4.4,3.1
3.7,46
4.4,55
4.5,19
,
4.4,19
3.7,40
,
4.5,29
3.6,43
4.4,50
,
4.1,13
,
,
,
4.4,15
4.2,4
,
4.1,14
,
4.5,19
,
4.5,29
4.3,44
4.2,22
,
,
,
4.4,28
,
,
4.1,12
,
4.4,46
4.1,7.6
,
4.5,29
,
,
4.5,4.1
4.2,8.5
4.2,31
4.2,4.1
,
4.7,22
,
4.2,28
,
4.1,5.9
,
,
,
4.2,3.9
,
4.5,15
4.6,4.3
,
,
,
,
4,5.3
,
3.1,16
4.6,7.5
,
,
,
NaN,3.7
,
4.4,5.8
4.6,17
,
4.6,8.5
,
4.4,9.1
4.2,7.6
4.4,2.5
3.1,15
,
,
,
,
3.9,6.1
,
3.9,17
,
,
,
,
4.3,58
3.7,4.6
3.5,16
3.8,1.3
3.6,2.3
3.1,1.9
3.8,2.7
4.2,16
4,11
4.3,5.3
,
4.5,4.2
,
4.5,9.1
4.4,4.3
,
,
,
,
4.4,1.8
,
4.4,8.5
4.3,4.4
,
4.7,3.8
4.5,11
,
4.7,11
,
4.8,7.4
3.9,5.3
4.5,5.4
4.6,3.6
,
4.4,4.3
,
4,27
,
4,1.8
4.4,3.3
4.1,2
4.3,6.1
4.1,9.6
4.3,9.6
4.2,10
4.2,8.2
4.2,14
4.2,25
4.3,9.9
4.5,22
,
4.5,8.9
,
4.1,2.4
4.4,25
,
,
4.4,1.8
4.1,17
,
4.2,4.1
4.1,18
4.6,14
,
,
,
4.1,696
4.2,4.7
4.1,8.1
,
4.5,7.9
4,4.6
3.5,544
4.4,3.5
,
,
4.1,525
4.2,2.1
,
4.4,14
,
4.6,8.7
4.5,21
,
4.4,12
4.5,18
4.6,17
4.6,3.8
,
4.6,23
4.5,14
4.7,15
4.7,9.9
4.4,12
4.3,12
4.7,20
4.1,7.4
4.7,3
,
4.6,14
4.5,14
4.4,7.2
4.4,22
4.3,7.2
,
4.6,26
4.7,38
4.3,3.9
,
4.6,5.4
4.4,9.8
4.5,7.6
4.7,1.1
4.3,9.1
3.7,6.8
4.7,12
4.5,3.3
4.4,12
4.3,9.8
4.8,920
4.6,14
4.1,6.8
4.7,27
4.1,7.4
,
4.2,29
,
,
4,5.9
4.2,14
3.9,14
4.3,26
4.1,1.9
4.2,3.9
4.4,779
,
,
4.4,5.1
4.3,10
4.1,13
4.2,4
4.1,5.4
4.1,3.3
4.2,4.3
4.1,853
4.4,21
4.1,6.4
4.3,8.6
4.6,2.1
4.1,7.1
,
,
4.2,3.3
4.1,3.5
4.2,4.1
4.5,9.7
4.3,3.3
4.2,7.1
4,8.4
4.2,7
4.2,5.5
,
,
,
4.4,13
,
,
4.3,5.9
,
4.5,24
4.1,6.2
,
,
4.2,6.9
,
4.1,6.1
,
,
,
4.4,24
,
3.8,4.1
,
4.3,50
,
,
3.2,11
4.5,5.1
4.2,1.3
,
,
,
,
,
4,2.3
4.6,16
,
,
4,15
4.4,61
4.5,1.6
,
,
,
,
4.2,49
,
4.7,7.2
,
,
4.4,1.5
,
,
4.6,49
4.3,14
,
,
,
,
,
4.4,1.2
,
4,10
4.4,4.3
4.7,3.8
,
4.2,32
4.5,4.5
,
4,8.4
4.5,12
4.4,25
,
,
,
4.5,12
,
4.4,7.1
,
,
4.6,16
4.5,6.5
4.3,9.2
4.1,720
4.2,2.2
,
,
4.2,4.1
,
,
,
,
,
,
,
4.3,60
,
4.5,37
,
,
,
,
,
4.3,713
4.6,4.7
4.2,6.6
4.2,2.5
4.2,19
,
4.3,4.2
4.6,11
,
,
,
,
4.5,12
,
,
4,5.7
4.2,9
,
4.5,6.9
4,8.4
4.2,1.9
,
,
,
4.6,15
,
,
,
,
,
,
4.1,11
4.4,61
4.4,4.1
4.1,3.8
,
4.1,3.8
,
4.5,2.8
,
NaN,8.2
3.8,3.3
NaN,6.2
NaN,85
4.6,14
4.7,95
NaN,5.5
4,42
NaN,15
4.7,98
4.1,6.4
3.7,2.8
NaN,6.5
4.1,3.6
3.7,2.4
4.6,3.4
4.4,1.5
4.6,5
4.1,6.6
,
,
,
NaN,59
4.8,6.8
4,24
4.9,6.6
NaN,4.9
4.8,9.1
4.4,11
4.7,5.8
4.2,24
4.6,4.4
4.6,16
4.5,11
4.6,4.9
4.1,11
3.8,53
4.8,20
4.8,38
NaN,4.9
4.5,17
4,37
4.4,5.2
4.7,28
NaN,71
3.9,46
4.4,16
4.4,18
4.5,18
,
4.8,10
,
4.8,17
,
4.7,9.7
,
,
4.4,21
4.3,3.2
4.4,15
4.2,44
4.6,4.8
,
4.4,10
3.9,54
4.3,9.1
4.5,19
4.2,12
,
,
,
3.6,19
,
4.3,7.6
,
4.2,38
,
,
4.5,6.1
4.2,9.2
,
4.8,11
3.8,9.2
4.5,20
4.5,22
,
,
4.2,5.3
,
4.3,5.6
4.2,5.4
4.3,2.9
3.6,25
,
,
3.9,23
3.7,7.2
4.6,3.3
,
,
4.2,17
4.1,6
3.8,33
4.4,3.1
4.5,4.1
4.6,27
4.7,44
,
4.5,13
,
,
3.9,3
,
,
4.4,6.1
3.8,64
4.6,47
,
4.3,5.4
,
,
,
4.6,27
,
4.5,50
,
,
4.3,4
NaN,13
,
,
3.5,44
3.3,2.5
4.3,23
,
4.1,23
4.4,14
4.4,89
,
,
4.3,16
4.5,26
,
4.6,11
,
,
3.5,56
4,25
,
4.3,17
4.3,9.1
4.1,11
,
4.5,15
4.4,9.7
4,5.5
4.1,6.7
,
4.3,2.9
3.9,13
4.5,8.5
4.7,25
,
4.5,12
3.1,6.3
4.7,6.3
,
4,19
4.2,31
,
4.2,9
3.4,25
4.6,4.6
4.5,8
4,23
4.4,9.8
4.2,8.7
,
,
4,12
,
4.6,10
,
4.6,19
4.5,6.6
,
4.3,14
4.4,8.6
3.9,13
4.3,13
,
,
3.6,10
,
,
,
4.4,7.5
4.1,36
4.2,8.2
4.7,22
3.9,23
,
,
,
4.6,14
,
4.3,25
4.2,27
,
,
4,35
,
4.6,8.6
,
4.5,4.6
4,25
4.2,12
4.3,18
,
,
4.2,3.1
,
4.2,14
,
,
,
4.3,23
,
3.9,8.8
4,35
,
,
4.1,36
,
4,25
4.5,12
,
3.9,23
,
3.9,13
,
4.3,13
,
,
,
,
4.4,22
,
,
4.5,43
,
4.4,33
4.4,32
,
4.3,6.8
4.4,4
,
4.3,3.7
,
4.4,3.4
,
,
,
4.7,48
4.3,7.7
4.5,60
3.7,60
4.3,5.6
,
4.1,5.2
4.5,25
4.8,3.3
4.3,29
4.7,49
4.3,3.6
4.2,48
,
4.6,5.4
4.5,18
4.3,3.2
4.5,11
4.2,8.5
4.2,24
4.3,26
4.3,14
,
,
4.4,78
,
,
3.5,7
4.2,9.2
,
,
4.5,4.9
4.2,6.5
3.9,11
4.3,96
3.7,2.9
4.3,24
4.3,55
4.6,74
4.3,24
4.2,32
4.6,15
3.9,6.3
4.4,97
4.6,74
,
4.8,14
4.3,14
,
,
4.4,5.7
3.3,19
,
,
4.5,50
,
4.5,76
3.7,70
4.5,29
4.1,16
,
3.7,13
4.1,73
4.8,17
,
,
,
,
4.1,85
,
4.5,99
,
4.5,92
4.2,37
4.4,45
,
4.3,57
3.8,26
4.5,47
3.7,22
4.5,56
4.5,50
4.3,42
4.6,34
,
4.4,70
4.3,17
4.3,4.1
,
4.3,11
4.3,11
4.4,94
4.2,24
4.9,56
,
4.6,66
4.6,63
4.6,91
3.4,17
3.8,21
,
,
4.6,81
,
3.8,3
4.4,59
,
3.9,83
4.1,19
4.5,23
3.7,32
4.4,39
4.5,57
4.5,52
3.8,7.5
3.1,7.4
4.5,8.9
5,6.3
4.4,18
NaN,14
,
2.9,20
,
3.3,96
4.1,35
4.6,8.4
4.4,8.6
4.5,55
4.3,29
4.3,13
4.5,16
4.5,40
2.2,6.7
4.5,100
,
4.5,94
4.6,4.4
3.9,64
4.1,4.5
3.3,6
,
4.1,7.4
4.8,3.7
4.1,25
4.5,10
NaN,26
4.6,98
4.6,97
4.3,1.8
,
4.5,11
4.3,78
4.4,50
,
4.4,74
4.4,8.3
,
4.2,7.7
4.2,2.5
4.6,5.3
,
4.6,4
4.7,4.2
4.8,74
4.7,6.9
,
1.7,6.6
4.5,16
4,4.7
3.6,5.4
2,35
4.7,26
4.1,32
4.3,2.7
4.3,3.7
4.5,7
4.4,6.9
4.4,63
4.6,2.2
3.7,30
4.5,5.8
4,3.1
4.8,1.5
4,8.6
4.7,772
4.8,3.3
4.6,5
4.3,1.1
4.2,4.4
4.8,2.1
4.2,1.6
,
4.2,29
4.5,39
4.6,29
4.5,14
,
4.3,41
4.8,9.7
,
4.5,60
4.3,62
4.2,47
4.4,89
4.5,9.9
4.2,64
4.6,48
4.6,12
4.4,61
4.5,32
4.5,28
,
,
4.4,36
4.1,13
4.4,69
4.6,74
4.6,18
4.5,3.6
4.5,79
4.3,66
4.3,42
3.3,9.8
3.7,2.8
,
4.4,40
3.1,20
4,25
,
,
3.9,44
4.4,8.8
4.6,16
4.8,89
,
3.9,58
4.5,20
3.6,4.8
3.4,318
,
4.4,13
4.4,4.9
4.5,12
,
,
,
4.3,66
4.3,50
,
4.4,59
,
4.5,14
4,5.9
4.3,41
,
4.1,37
,
,
,
,
4.2,22
,
4.5,15
4.3,6.1
,
,
,
4.6,3.1
4.4,58
4.3,79
4.2,15
4.3,55
4.3,11
4.6,13
3.6,4.9
,
4.2,7.6
4.2,3
4.4,37
4.3,9.3
4.9,23
4.5,241
,
4.3,11
4.2,9.2
3.8,4.8
,
1,16
4.4,40
4,13
NaN,4.9
4.4,31
,
,
NaN,14
3.4,3
3.8,9.9
,
3.7,3.7
NaN,1.7
4.1,11
4.6,63
4.4,2.1
4.2,1.4
,
4.4,36
4.5,32
,
4.5,59
4.3,37
,
4.2,7.9
3.6,25
,
4.4,19
4.6,39
4.5,196
4.4,2.3
4.2,8.1
4.3,51
,
1.8,3.4
3.8,8.8
4.4,28
,
3.4,11
4.6,6.1
3.7,14
3,94
4.6,11
,
3.1,14
4.3,1.6
4.3,15
3.8,2.7
4.5,5.7
3.6,47
NaN,1.6
4.2,857
4.5,25
4.2,1.3
3.3,1.5
4.2,33
4.3,3.9
4.2,87
3.7,14
3.8,10
2.9,5.9
4.5,58
4.3,1.9
4.9,48
4.4,57
4.4,51
4.4,4.5
2.9,8.9
4.2,26
4,15
4.3,1.5
4.3,2.2
3.9,42
4.3,5.6
NaN,8.5
4,8.9
4.6,13
3.7,13
,
4.6,5.4
4.4,27
4.5,3
3,19
3.1,8.3
4.3,57
4.5,1.2
4.5,2.8
4.5,19
4.1,7.2
,
4.2,52
,
3.9,65
3.9,37
3.9,2.9
4.3,11
4.2,34
,
3.7,6.5
2.8,3.9
,
4.1,3.9
4.4,57
2.7,2.8
4.7,23
,
4.2,55
,
4.5,75
4.4,40
4,50
,
4.1,25
4,25
,
4.7,6.6
4.3,36
4.7,75
4.4,8.8
4,43
,
4.2,9.9
4.4,96
4.6,953
3.3,9
4.5,23
2.3,2.6
4.2,23
4.1,35
NaN,7.2
4.4,49
3.2,4.7
,
4.6,43
4.3,97
,
4.1,3.1
4.1,6.7
NaN,13
4.7,7.1
3.5,9.1
3.9,98
NaN,30
NaN,8.9
4.1,13
4.7,2.4
NaN,44
4.6,7.3
4.5,33
4.7,3.4
4.9,3.8
NaN,3.6
,
4.1,40
4.4,14
,
,
,
4.3,34
4.4,40
,
4.5,11
4.6,63
4.8,14
4.3,61
4.8,63
4.8,8.9
3.7,10
4.1,44
3.7,10
4.2,59
4.5,7.4
4.6,23
4.5,50
4.7,44
,
NaN,15
4.9,40
4.4,62
4.6,2.1
NaN,31
NaN,19
4,26
4.8,3.6
4.3,13
4.4,4.5
4.2,35
4.6,71
NaN,15
4.8,23
4,3.5
4.3,60
4.7,40
,
4.6,78
4.5,20
,
4,49
4.2,40
4,48
4.5,87
4,20
4.1,50
4.6,865
3.1,2.9
4.9,67
4.5,2.4
4,61
4,6.8
3.6,2.6
4.5,13
4.2,29
4.3,84
3.9,5.4
4.3,2.8
4.3,2.9
4.4,6.9
4.3,46
4.4,27
,
,
4.4,37
3.5,82
4.4,44
4.4,7.3
4.5,37
4.4,53
4.4,44
,
3.9,24
3.9,34
,
4.9,9.1
3.7,38
3.3,15
3.8,26
3.5,63
4.2,251
,
3.5,4.2
3.6,7.3
4.6,49
3.9,9.7
4.2,1.4
4.2,4.9
4,6.2
3.2,6
,
2.4,1.2
4.5,16
4.1,59
4.2,7.7
3.7,30
4.3,6.4
4.2,64
4.1,46
3.9,76
3.8,54
4.4,8.4
3.4,22
4,23
4.4,8.2
3.3,3.8
4.8,54
4.5,9.1
3.4,40
4.3,28
4.3,11
4.1,34
4,58
4.4,21
3.8,45
4.4,22
3.8,28
4.2,17
3.8,31
4.8,59
4.7,91
,
3.5,20
3.9,69
4.2,71
4.6,13
4.7,33
4.5,3.3
3.8,6.4
4.5,20
3.7,7.6
3.5,62
4.1,32
3.9,49
4.1,930
4.6,34
4.4,49
,
,
4.6,24
4,72
4.4,8.7
,
4.4,40
4,6.8
3.8,47
3.9,3.6
NaN,2.9
3.7,26
4.2,1.3
4.1,45
4.3,540
4.3,4.6
4.1,313
4.4,8.6
3.8,746
4.3,10
4.4,38
3.8,5.1
4.5,6.1
3.8,28
3.9,5.2
4,22
,
4.5,34
4.4,51
4.6,39
NaN,2.1
5,12
4.4,11
4.4,7.5
4.2,24
4,19
NaN,1.9
4.2,5.2
NaN,2.3
4.6,4.5
4.1,1.7
NaN,1.8
3.9,6.3
,
NaN,5.5
4.4,6.2
3.9,28
4.6,4.3
4.5,5.7
3,4.9
NaN,3.6
3.6,2
4.4,16
4.6,7.4
NaN,4.3
4.3,7.3
5,60
4.5,3.7
4.1,24
4.1,10
4.5,7.5
NaN,13
4.8,3.6
4.5,2
NaN,14
4,2.3
4.8,16
3.7,20
NaN,21
4.5,2.1
4.7,26
2.7,14
2.9,18
4.2,60
,
4.2,7.1
,
2.6,60
4.1,40
4.3,55
,
4.2,20
4.4,19
,
4,17
4.4,3.6
4.1,4.5
4.8,3.6
2.2,33
3.8,43
3.1,21
3.1,2.3
3.8,14
3.8,19
4.3,95
3.6,29
4,2.7
,
,
NaN,16
4.5,3.9
1.8,3.1
4.7,12
3.9,39
4.4,26
3.6,19
4.5,67
4.4,12
3.9,2.8
3.9,6.2
3.8,2.9
NaN,5.9
4.2,60
4.1,4.9
4.4,62
4.4,96
NaN,9.2
NaN,2.8
5,3.9
4.1,2.2
4.5,203
4.3,37
NaN,3.7
3.9,7.7
3.5,2.9
NaN,29
3.2,34
NaN,3.6
NaN,5.7
NaN,64
NaN,3.4
3.3,58
4.8,6.7
4.5,23
3.7,8.9
4.8,57
4.7,12
4.3,13
3.8,93
4.1,83
4.7,41
NaN,28
4.2,2.7
NaN,4.4
NaN,3.4
4.6,17
4.2,2.2
,
4.6,7.1
4.2,20
4.1,26
,
4.1,31
4.4,45
4.5,33
4.1,14
4.5,37
4.3,24
4.4,6.5
4.3,40
4.3,93
3.8,314
3.9,3.7
4.1,57
4.8,2.7
,
4,68
4.7,25
,
,
4,2.4
,
,
3.7,96
,
4.1,2.2
3,33
,
3,19
,
4,21
,
4.6,26
4.1,29
,
4.7,3.7
3.5,25
3.1,28
3.9,2.1
,
4.2,15
4.4,7.9
4.4,46
3.3,8.9
4.8,13
4.2,20
,
3.8,2.3
4.1,4.9
4.2,23
4.2,35
4,18
4.2,45
3.8,5.6
4.5,4.5
3.7,5.8
4.3,24
4.5,21
4.1,31
4.2,74
4.5,21
4,7.3
4.4,3.3
,
4.3,11
4.7,53
4.1,37
3.2,37
3.9,2
4.1,26
3.4,42
3,7.8
4.6,3.5
4.6,14
4.1,5.1
3.1,1.9
3.4,38
4.2,3
4.2,2.2
3,3.5
2.4,4
4.1,27
2.9,13
4,21
4,3.5
3.8,22
2.4,7.2
4.4,4.8
3.7,13
4.3,7.5
4.6,5.4
4.2,30
,
3.6,196
,
4,16
3.5,3.8
4.4,17
2.5,26
3.9,28
,
4.2,38
4.2,17
4.3,20
4.1,6.9
,
4.2,59
4.2,67
3.9,61
,
,
3.8,1.6
,
4.2,3.7
3.7,4.9
,
4.3,30
4.6,40
3.3,10
3.6,100
4.1,42
3.8,95
3.3,28
4.5,4.2
4.8,3.6
,
NaN,17
4.3,4.6
4.5,7.9
,
3.8,4.3
4.7,3.6
4.2,5.9
4.3,35
4.7,1.8
4.7,9.5
3.6,19
4.2,25
4,37
4.3,3.6
4.7,17
,
4.6,2.9
4.8,3.4
,
3.8,2.9
,
,
4.2,3.5
4.5,37
3.2,1.5
,
4.3,47
,
4.4,11
1.9,9.1
4.4,32
2.5,16
4.2,2.5
4.3,6.7
4,1.9
,
4.8,27
4.2,79
4.7,7.6
4.4,8.2
4.4,33
4.4,3.1
4.6,27
,
4.2,1.5
,
4,4.5
,
4.2,43
4.5,21
,
,
4.7,4.4
4.2,16
4.4,13
3.2,34
4.1,8.3
4,2.5
4.7,3.5
4.6,6.4
4.6,4.3
4.7,6.3
4.8,8.6
4.6,1.9
4.2,118
4.3,49
3.3,3.7
4.7,3.5
4.5,53
4,8
,
4.2,27
4.6,24
4.2,11
4.7,3.2
4.7,3.7
4.2,1.2
4.3,8.4
4.3,31
NaN,9.6
4.5,45
4.4,56
4.5,26
4.6,17
4.3,6.9
,
4.5,99
4.5,47
3.9,36
4,21
2.7,3
4.5,8.5
4,2
2.9,15
4.6,50
4.4,17
,
4.6,1.9
4.4,70
,
4.4,41
4.2,99
4.8,96
4.3,16
4.3,84
4.6,5
4.6,5
,
,
4.1,99
4.4,99
4.5,26
,
,
,
,
4.6,37
,
4.6,9
4,88
4.5,87
4.2,78
3.9,67
4.7,59
,
4.5,1.4
4.3,59
4.4,47
4.2,76
3.9,62
4.1,80
2.2,3.8
4.2,56
4.2,72
2.8,25
3.9,79
4.3,98
4.8,68
4.3,91
4.1,44
4.2,96
4.4,61
,
4.6,19
4.3,8.8
4.3,96
3.8,7.7
,
NaN,10
3.8,2.2
3.9,16
NaN,5.7
4.3,29
4.3,24
4.3,4.3
4.1,48
4.2,2.3
4.9,13
4.5,7.6
4.6,99
3.8,22
4.7,12
4.5,88
4.7,91
4.5,99
4.8,10
,
4.6,57
4.3,18
4.8,33
3.4,8.2
,
4.4,46
4.5,63
4.4,239
,
,
4.2,48
,
4.3,48
3.8,18
3.9,8.3
4.3,54
,
4.2,30
4.5,8.3
4.8,23
NaN,11
4.6,8.4
4.2,82
4.2,5
4,17
NaN,37
4.3,45
4.8,40
4.1,7
4.7,3.8
NaN,22
4.8,15
4,8.5
3.5,371
3.8,5.2
,
3.3,13
3.7,92
3.3,2
3.4,5
1.8,1.8
1.6,1.7
1.9,24
3.6,23
3.4,5.1
3.2,7.9
2.5,7.8
4.7,4.2
2.6,18
2.8,3.3
3.9,7.7
4.2,3.1
3.9,27
4,220
3.5,26
3.1,3
3.7,28
3.6,11
3.4,6.1
4,26
3.7,5
1.7,2.1
2.4,6.1
4.3,2.2
4.2,14
3.3,2.3
4.1,28
4.1,3
3.4,9.7
3,3.4
3,3.9
2.2,9.4
3.7,26
3.7,27
4.8,4.4
3.7,26
3.6,3.2
3.7,7
,
3.8,1.4
3.7,1.7
,
,
4.2,1.5
4.1,39
4.6,6.1
4.1,4.3
,
3.9,8.3
3.8,730
4,2.1
4.5,26
4.6,756
4.1,3.2
4.4,4.1
3.7,20
3.9,3.6
3.9,44
4.5,26
4.5,17
4.4,1.1
4.3,2.9
4.5,24
4.7,14
4.7,6.9
4.1,12
3.3,91
4.2,9.4
4.1,1.7
3.4,293
,
4.9,35
4.5,3.8
4.1,17
4.4,74
4.3,20
4.4,1.1
3.4,4.1
4.1,13
4.1,14
3.5,8.3
3.8,9
4.6,9
,
5,3.3
,
4.2,28
4,19
3.9,59
3.7,1.9
4.3,12
1.9,1.8
4.2,30
,
,
,
4.2,18
,
4.3,29
4.4,26
4,12
4.2,12
4.3,17
4,18
4.3,26
,
4,17
3.7,12
4.1,317
3.9,7.5
,
4.4,66
4.5,30
3.9,35
3.9,26
4.2,15
4.5,27
4.1,39
4.7,9.1
NaN,13
4.4,35
4.7,5.1
4.7,6.7
4,37
3.9,3.9
NaN,4
3.8,7.6
,
4.4,6.6
4.5,32
NaN,2.9
3.8,78
3.5,1.2
4.2,15
4.7,18
2,15
4.3,19
2.8,4.1
4,5.6
3.9,3.5
4.2,6.4
3.4,3
4.5,924
4.7,11
2,4.9
,
NaN,6.1
NaN,902
NaN,53
4.7,1.3
3.3,4.7
4.1,3.1
NaN,11
,
,
NaN,3.7
3.7,266
NaN,19
4.3,2
3.9,4.1
5,3.4
4.1,13
4.8,46
4,3.9
NaN,11
,
3.8,3.5
,
NaN,11
,
4.1,17
4.6,17
4.1,11
,
4.2,64
4.1,10
4.3,35
4.3,12
4,2.4
4.5,3.7
4.1,6.3
3.8,22
NaN,10
4.5,3.7
NaN,4.6
4.1,44
NaN,18
3.9,9.7
3.7,2.7
NaN,51
4.5,47
4.4,56
,
3.4,24
,
NaN,52
NaN,4.9
NaN,1.7
2.3,16
4.7,6.5
3.4,27
4.7,36
NaN,5.2
NaN,43
5,8.6
NaN,2
NaN,14
NaN,15
NaN,12
NaN,45
NaN,3.2
,
NaN,62
3.6,15
5,13
NaN,18
NaN,1.7
4.3,15
NaN,2.9
NaN,5.9
NaN,4.2
5,74
NaN,1.7
NaN,47
4.1,6.9
4.1,8.7
4.5,818
NaN,28
NaN,29
3.4,59
,
NaN,29
NaN,29
,
4.6,59
5,27
NaN,29
NaN,29
NaN,14
3.9,10
3.9,81
5,28
4.1,9.8
NaN,29
5,28
3,318
4,5.4
1,28
NaN,29
4,29
NaN,29
NaN,3
4,27
NaN,29
3.8,86
NaN,22
NaN,29
NaN,29
NaN,29
NaN,16
NaN,27
NaN,29
NaN,5.7
3.5,5.7
NaN,29
NaN,2
NaN,29
NaN,20
NaN,28
2.6,27
NaN,29
3.4,9.1
NaN,29
NaN,29
4.5,35
3.4,5.9
3.8,1.2
3,39
4.4,27
4,3.2
3.9,4.2
4.6,31
3.8,3.9
3.8,25
,
4.6,69
3.6,4.3
4.4,9.8
3.1,13
4.2,16
4.6,4.2
4,99
5,2.3
3.3,3.6
4.1,26
3.6,3.2
3.2,2.8
4.4,8.3
,
4.4,3.8
4.5,3.4
4.3,3.5
4.7,1.9
4.4,3.3
,
,
4.4,7.1
3.7,7.9
3.3,1.4
NaN,1.8
3.7,7.5
3,4.3
2.6,2.8
NaN,7.9
NaN,3.7
3.5,48
3.9,14
4.6,5.7
3.8,939
4.6,58
4.4,42
4.5,35
4.5,43
4.7,63
4.4,60
,
5,2.8
NaN,3.2
NaN,4.2
2.8,32
NaN,22
4.6,7.3
2.8,5.3
5,50
5,7.5
2.8,26
NaN,17
3.8,4.2
4.1,31
NaN,7.6
4.8,1.7
5,169
5,63
NaN,7.7
4.4,45
NaN,6.6
NaN,14
5,22
4.1,3.6
NaN,8.4
4.8,25
NaN,475
NaN,4.3
4.8,35
4,3.6
NaN,24
5,35
4.6,91
NaN,27
5,31
NaN,2.7
NaN,32
NaN,27
4.5,67
5,8.2
NaN,30
NaN,3.9
NaN,1.1
4.4,48
4,14
NaN,18
3.9,2.9
4.1,4.4
4.8,89
4.3,13
3.9,3.8
4.5,15
NaN,15
3.7,25
4.3,34
4.2,6.8
3.7,24
3.8,3.4
4.6,24
NaN,5.8
NaN,4.9
NaN,16
3.3,46
3,33
3.9,43
4.2,56
3.9,2.8
NaN,11
4.1,26
NaN,11
4.6,8.8
NaN,6.2
NaN,7.6
NaN,4.9
NaN,5.1
4.4,4.2
3.8,7
4.4,38
NaN,8.7
4.9,2.1
3.6,12
4.3,58
3.6,18
4.1,20
3.4,8
4.5,3
4.7,12
4.5,8
4.4,28
4.3,29
4.6,4.7
4.2,40
4.8,14
,
4.8,16
4.6,9.7
4.6,49
4.6,3.7
,
4.7,27
4.7,3.6
4.8,5.3
3.6,2.4
4.7,8.5
4.6,6.7
,
4.7,9
4.5,266
,
4.5,27
4.8,67
4.7,22
4.7,11
4.7,68
4.7,40
4.7,15
,
4.7,23
4.6,4.2
4.7,2.9
,
4.6,85
3.8,1.8
3.9,1.1
4,22
4,8.7
3.8,2.6
4.1,4.7
2.9,2.9
3.8,22
3.5,965
4.2,1.8
4.6,2
4.4,2.7
4.4,56
4.1,2.7
3.9,2.9
3.6,4.9
4,20
3.8,12
4.3,3.8
4.6,4.2
3.6,1.4
3.9,21
4,41
,
4.2,57
4.2,15
4.5,5.1
4.7,31
3.5,28
4.5,39
,
4.6,34
,
4.3,31
4.1,76
4.5,40
4.2,46
4.5,8.7
4.4,80
3.7,24
4.4,21
,
4.3,9.7
4.3,12
,
,
3.8,57
4.5,81
,
4.4,6.7
4.7,3.8
3.5,5.9
4.9,46
4,3.3
4.1,48
4.2,33
NaN,42
4.4,99
4.1,4.5
4.6,28
4.6,8.1
4.7,21
4.5,56
,
4.6,25
4.4,26
4.4,99
4.2,25
4.4,99
4,43
4.2,17
4.2,80
4.2,44
,
,
3.4,12
4.3,100
4.3,69
4.6,90
4.2,88
4.6,64
4.1,39
4.4,54
4.6,56
4.3,14
,
4.7,75
4.2,13
3.8,8.1
,
3.7,20
4.3,57
2.9,31
4.3,39
4.3,29
4,3.6
3.3,3.8
4.5,4.6
4.1,545
5,2.1
3.9,61
4.6,13
4,2.8
3.6,9.9
4,2.5
4.5,5.4
NaN,14
2.9,1.3
4.2,2.5
4.5,283
NaN,2.3
4.6,1.6
4.7,25
4.2,5.4
4.7,1.5
4.7,5.3
3.9,2
4.7,5.4
3.7,41
4.8,5.4
4,2.4
4.6,5.4
4.4,9
4.3,25
4.7,1.2
3.6,45
4.4,5.3
4.6,3.2
2.9,73
NaN,11
4.5,5.4
5,655
3.7,5.6
NaN,17
3.7,9.5
NaN,7.4
4.2,5.4
3,2.6
5,96
4.4,73
4.7,5.4
4.3,35
3.9,48
,
,
4.3,37
NaN,17
NaN,35
NaN,2.3
NaN,16
4.6,26
4.5,2.9
3.9,714
4.7,12
,
5,52
,
NaN,3.2
5,49
NaN,28
NaN,12
,
NaN,17
2.7,37
4.6,2
,
4.4,82
,
,
4.4,37
4.6,48
4.1,54
4.5,46
4.2,51
4.7,48
4.3,55
,
4.2,25
3.8,33
4,100
4.3,70
,
4.3,9.2
4.3,43
4.3,91
4.7,29
,
4.4,44
3.8,30
4.6,99
4.6,90
4.5,72
4.5,47
3.9,23
,
3.8,26
4.3,5
,
3.7,20
3.2,30
4,37
3.8,28
4.4,85
,
3.4,22
2.9,82
4.5,65
3.7,43
3.8,80
4.1,21
4.1,93
3.7,90
3.6,67
,
3,32
4.1,2.7
3.8,36
4.2,35
4.4,41
,
3.6,71
3.6,70
3.7,22
3.9,14
NaN,6
,
4.1,53
4.5,872
2.8,1.3
2.6,1.6
,
4.4,56
4.1,3.4
4,3.1
4.3,20
3.9,6.2
3.5,121
,
4.3,95
4.3,9.4
,
,
4.3,2.5
,
4.6,93
4.3,70
4.1,1.7
4.4,37
4.4,70
,
,
,
,
2.4,3.3
4.5,16
,
4.5,19
4.5,22
,
4.4,68
,
,
,
3.4,34
3.9,46
4.3,92
4.4,45
4.5,50
4.4,9.5
,
4,36
4.3,78
,
4.2,22
4,48
4.4,1.5
4.6,40
4,6.5
4.4,51
3.5,12
4.6,50
4,40
4,54
4.1,45
4.1,63
3.3,4
3.9,69
4.1,39
4.2,55
4,46
4.5,99
3.8,91
3.5,21
4.3,46
4.6,45
4.7,24
3.8,52
4.7,50
4.8,63
3.2,5.8
,
3.9,23
3.6,23
3.7,26
4.4,8.8
4.1,27
4,2.1
3.1,12
4,5
2.8,23
3.7,8.2
2.7,14
3.9,8.5
,
3.6,47
4.5,12
3.5,17
4,3.9
NaN,10
3.8,4.1
3.6,15
4.2,3.3
4.4,6.7
4,11
4.7,4.1
NaN,3.7
NaN,4.3
4.1,31
4,25
NaN,2
4.7,5.8
NaN,3.7
NaN,1.7
3.8,12
5,14
4.4,78
NaN,6.4
NaN,10
4,44
NaN,1.5
3.8,85
4.1,9.8
4.3,5.7
NaN,3.7
,
,
3.4,46
4.1,30
4.1,47
3.8,23
,
4.4,91
4.4,44
,
3.3,4.8
3.3,9.5
4.4,19
3.7,7.3
3.4,1.8
2.3,5.7
3.3,7.3
2.7,4
NaN,3.7
4.6,26
3.5,5.6
3.4,7.3
4.3,49
4.1,8.7
4.7,49
4.4,20
3.8,7.3
3,322
4.4,6.3
4.2,3.4
4.5,22
3.5,25
4.5,6.3
4.3,82
4.5,8.7
NaN,10
4.5,24
,
4.8,43
,
4.3,3.7
1.7,13
,
4.2,3.9
NaN,13
4.2,3
4.3,3
,
4,46
4.2,3
4.6,17
4.1,63
4.6,17
4.1,2.9
4,2.9
NaN,26
3.3,2.7
,
,
NaN,24
4,4.7
NaN,2.7
NaN,1.7
4.4,3
4.2,3
,
3.1,31
NaN,36
5,4.3
4.2,63
4.7,8.6
4.4,57
,
4.4,13
2.9,5.6
,
NaN,1
,
,
3.8,23
4.8,1.6
5,24
3.9,5.9
,
,
4.7,44
4.2,30
4.2,76
3.7,976
4.1,10
4.1,44
3.8,19
4.6,3
NaN,15
4.4,15
4.2,43
4.4,2.6
NaN,172
NaN,24
4.6,31
5,25
NaN,2.3
4.5,33
NaN,9
3.5,7.4
NaN,19
3.9,2.3
4.4,42
,
NaN,3.3
3.1,9.1
4.4,2.8
NaN,13
3,30
NaN,3
NaN,2.2
3.7,14
NaN,238
3.7,37
3.9,52
4.8,4.4
,
NaN,28
4.6,32
4.6,3.4
4.5,23
4.3,61
5,15
4.3,64
,
4.7,12
4,4.4
3.8,3.6
5,2.9
4.8,10
4.5,7.2
4.3,3.8
NaN,549
NaN,3.9
NaN,2.9
NaN,42
3.7,1.1
NaN,9.7
NaN,1.7
NaN,13
NaN,55
NaN,6.5
4.3,1.9
NaN,5.1
3.8,36
NaN,11
NaN,14
,
4.6,17
,
4.2,4.3
NaN,4
5,4
NaN,3
NaN,1.2
NaN,29
,
NaN,3.4
3.3,5.1
3.6,2.7
4,97
4,19
4,100
,
4.2,73
4.3,100
4.2,18
4.5,18
4.3,44
,
4.4,5.2
4.2,8.9
4.2,34
4.2,30
3.4,1.6
3.2,4.4
4,3.7
4.6,11
3.2,4.7
4.4,33
4,13
4.7,14
NaN,3.7
3.7,7.3
,
4.2,37
4.1,13
3.5,13
4.8,8.4
4.3,45
3.9,7.9
NaN,4.2
3.5,11
4.3,6.2
4.4,3.7
4.8,6
3.9,8.8
3.8,22
4.2,30
4,11
4,4.1
4.4,3.4
4.7,13
4.5,39
4.3,5.1
3.3,4.7
4.3,5.5
4.1,5.3
2.1,2.8
3.7,9
4.2,51
4.4,206
4.2,954
2.1,26
2.4,9.4
4.1,2.4
3.1,5.8
5,20
NaN,17
3.5,35
4.2,17
NaN,2.9
4.7,42
NaN,5.1
NaN,16
NaN,4.7
4.8,35
NaN,12
4.5,26
4.6,17
4.6,60
4.9,25
4.8,38
4,2
3.9,2.5
4.1,9.2
4.1,444
4.5,15
4.2,12
4,4.4
4.4,14
1.9,6.7
NaN,3.7
NaN,4
3.7,2.2
NaN,33
,
4,5.7
4.3,87
2.5,30
4.4,68
NaN,5.9
,
4.7,19
4.6,40
4.4,49
4.3,52
4.4,63
2.6,24
3.6,6
3.8,17
4.4,4.2
4.4,32
3,717
,
3.7,4.3
5,7.2
NaN,5
4.2,1.2
4.8,31
4.4,17
4.1,46
4.7,20
4.7,8.3
3.3,5
4,22
NaN,3.1
NaN,2.2
1,2
4.4,12
4.2,5.5
4.4,14
,
4.3,15
4.4,81
NaN,62
3.7,8.9
,
4,3
4.4,13
3.3,11
NaN,3.4
NaN,12
4.2,29
,
2.3,2.6
5,1.7
3.6,5.4
,
3.9,30
4.4,31
4.2,14
4.8,37
4.3,4
,
4.4,6.9
4.3,14
4,210
1.4,13
3.3,18
4.3,13
NaN,38
4.6,3.8
4.7,3.2
4.2,3.2
3.9,609
3.4,1.7
4.3,4
4.8,6.5
4.8,14
4.5,2.8
3.3,33
4.2,3.3
4.9,3.9
4.2,15
4.6,9.5
4.1,7.3
4.6,2.4
4,3
4.2,3.5
5,2.4
4.1,13
,
4.1,5.3
3.8,6.9
4.7,2.3
3.5,15
4,7.2
4.2,13
3.3,7.3
3.7,3.3
3.4,7.3
3.7,7.3
5,2.6
4.4,308
5,4.5
4.8,21
4.4,5.3
4.9,2.3
4,22
4.4,40
,
4.9,21
4.4,21
4.4,53
5,1.2
4.8,53
4.6,11
4.3,27
3.8,6.8
4.3,7.4
4.3,3.5
4.1,1.7
4.5,4
4.2,8.8
3.8,38
4.3,1.7
,
,
4.2,6.1
3.8,27
4.2,38
4,2.8
4.2,6.5
4.3,3.6
4.3,53
4.4,3.9
,
4.1,12
4.5,89
4.2,46
4.3,54
4.4,9.2
4.5,24
4.3,41
NaN,705
4.2,25
4,62
3.4,27
4.4,37
3.8,3.7
3,4.6
4.1,9.9
4.4,9
4.1,29
4.1,2.5
4.1,6.3
4.5,58
4.1,4.1
2.2,9.6
3.9,3.8
4,13
4.3,51
3.9,2.7
4,82
4.2,5
4.2,83
3.6,2.5
4.3,2.5
NaN,6.6
NaN,2.5
4.4,3.7
2.6,4.6
4.1,80
NaN,11
3.5,2.6
4.2,2.5
NaN,24
NaN,12
3.7,10
,
2.4,306
NaN,26
2.9,2.8
4.2,8.1
4.2,3.2
4,3.3
2.6,1.6
4.4,5.6
4.8,4.5
4.7,11
4.4,2.8
4.6,2.8
2.7,2.8
3.8,17
1.7,2.9
4.6,19
3.3,4.1
NaN,8.4
NaN,5
4.6,3.9
2.3,2.8
4.5,2.6
NaN,6.1
4.8,2.6
NaN,8.9
5,9.1
NaN,2.9
4.1,2
NaN,2.8
NaN,2.8
NaN,9.4
NaN,7.8
NaN,8.6
,
4.9,10
,
NaN,5.1
NaN,7.8
4.8,5.9
4.5,1.7
,
NaN,2.3
NaN,2.5
NaN,2.8
NaN,4.1
4,6.2
3.7,20
2.2,4.8
,
NaN,24
5,2.4
NaN,13
,
NaN,1.8
4.5,9.8
NaN,29
4.3,11
3.8,6.4
NaN,87
4.5,7.8
4.5,86
NaN,2.1
4.8,4
4.5,1.9
4.4,2.4
NaN,2.9
3.9,21
4.3,8.7
4.3,1.7
NaN,5.1
4,11
NaN,1.3
4.1,9.2
4.6,35
3.7,9.2
3.4,4.9
4.5,15
4.4,15
NaN,19
4.4,2.2
2.4,2.1
4.1,8
,
4.6,3.5
4.3,16
4.3,63
,
NaN,10
4.2,7.5
4.3,21
4.3,1.8
3.9,11
4.7,18
,
,
4.6,3.2
,
4.3,33
4.5,8.4
4.6,31
2.9,22
4,3.6
3,15
3.9,18
NaN,10
4.8,2.5
3.9,16
4,15
NaN,4.3
NaN,4.6
NaN,18
5,8.7
NaN,22
NaN,1.1
NaN,4.8
4,2.6
NaN,5.2
5,6
NaN,43
NaN,904
4.5,20
4.8,28
NaN,20
4.6,16
,
NaN,8.7
3.4,6
2.6,1.8
2.4,3.7
NaN,3.2
4.5,16
4.6,7.4
3.3,3.3
4.1,3.5
4.6,14
3.9,8.9
NaN,32
NaN,14
NaN,3.8
NaN,4.7
NaN,9.9
4,17
3.4,9.1
4.5,10
4,27
5,25
3.6,33
3.5,30
,
4.9,28
3.7,7.3
5,23
4,201
,
5,2.7
4,7.7
,
NaN,21
4.9,3.5
4.4,3.3
3.6,31
4.7,12
4.3,8.1
3.9,14
4.5,11
,
4.6,18
,
,
,
NaN,2.9
NaN,473
4.2,76
4.6,18
4.5,54
4.4,30
,
,
4,2.1
4.2,48
4.7,92
4.1,15
4.4,30
,
4.6,2.6
4.2,17
4,35
2.3,11
4.5,65
3.6,25
4.4,4.8
3.9,4.8
3.9,17
4.8,24
4.2,26
3.7,4.8
4,175
NaN,15
1,4.9
NaN,8.8
4.4,36
4.2,8.7
4.7,23
3.6,5.1
NaN,23
4.1,26
3.3,53
NaN,3.2
NaN,23
5,1.8
4.3,5.4
4.7,8
NaN,5.4
NaN,59
NaN,21
NaN,5.1
,
4,55
NaN,3.4
4.4,33
4.6,4.7
5,1.5
,
4.3,30
NaN,26
3.8,54
4.1,10
4.6,3.6
4,5.2
4.7,25
3.6,350
4.5,51
4,5.1
4.1,4.6
4,39
3.8,13
NaN,31
4.5,19
2.8,3.1
NaN,17
4.2,383
4.8,2.4
5,3.2
5,2.1
NaN,30
NaN,14
NaN,12
4.3,3
4.3,4.8
4.5,2.8
4.5,4
5,11
,
4.4,1.8
5,3.1
4.7,20
NaN,33
4.7,17
2.2,28
4.6,454
4.6,3.1
4.7,3.2
4.6,6.8
4.4,99
3.8,17
3.6,12
4.9,25
4.8,13
NaN,2.1
4.4,5.9
5,3.7
4.8,4.5
NaN,4.1
NaN,11
4.6,3.9
5,3
4.6,1.4
5,11
NaN,12
4,30
4.3,25
4.5,52
4,6.3
3.2,4.7
4.6,25
4.2,62
4.8,6.4
3,15
4.3,70
3.9,12
3.2,7.1
3.9,47
4.8,23
3.5,10
4.4,40
4.1,53
4.2,8.2
4.7,8.5
4,33
4.4,34
4.2,23
5,2.5
3.5,1.8
,
NaN,1.4
4.5,24
4.1,2
NaN,421
4.3,1.2
NaN,11
4.3,7
4.4,2.1
NaN,16
NaN,10
NaN,28
NaN,5.5
NaN,41
4,2.7
4.3,93
4,40
4.9,3.4
4.7,9
NaN,4.3
NaN,2.9
NaN,6.9
4.3,1
4.2,1.1
4.1,39
,
,
3.2,31
3.9,14
4.2,29
4.1,4.2
4.9,5.3
NaN,1.7
3.7,6.3
3.5,27
4.9,3.1
,
3.3,2.5
4.9,5
3.4,6.3
NaN,7.8
4.5,4.8
,
5,9.2
3.5,34
NaN,47
NaN,8.1
4.4,2.5
3.7,36
NaN,10
4.8,6.2
NaN,10
4.3,4.4
4.9,18
NaN,16
,
NaN,9.9
NaN,22
NaN,1.9
NaN,26
5,9.3
,
,
NaN,28
NaN,10
4.4,11
1,2.3
4.5,4.4
NaN,8
4,10
5,3.7
4.9,21
4.7,4.6
,
3.9,45
NaN,4.2
3.2,7.6
3.5,8.6
NaN,15
3.7,70
3,17
4.2,812
4,13
4.1,442
NaN,2
,
4,842
3.1,2.4
4.4,417
3.2,5.6
3.9,412
4.2,459
4.7,34
4,478
NaN,10
NaN,6.2
4,335
3.7,3.8
4.1,782
4.4,721
4,430
3.9,429
3.6,192
NaN,200
NaN,13
4.6,2.5
NaN,8.9
4.4,417
,
4.3,460
4.5,5.9
4.1,728
3.8,496
4.1,816
4.6,6.3
3.7,414
3.9,334
4.4,506
NaN,2
4.5,2.3
NaN,34
NaN,7.5
,
4.4,60
3.5,60
4.3,7.9
4.5,24
4.5,95
4.4,59
4.2,23
4.3,12
NaN,11
3.6,14
4,2.2
3.8,30
NaN,8.5
NaN,19
4.4,17
3.8,32
3.9,33
4.1,4.2
4.3,33
3.5,96
NaN,4.7
4.3,26
NaN,23
4.7,30
4.5,6.4
3.8,28
4.5,49
4.2,16
4.3,51
4.1,2.6
4.6,25
,
4.5,27
4.5,23
3,31
2.6,25
3.4,16
4.4,704
4.2,7.4
4,5
4.7,2.6
3.4,45
3.7,23
3.7,8.4
4.5,8.3
3.9,7.9
5,26
4.3,6
4.2,4.8
NaN,4.6
4,16
NaN,5.7
4.5,5.9
4,335
4.4,2.2
1.8,887
4.3,613
5,1.5
5,12
NaN,26
3.2,13
,
4.6,3.3
3.8,2.9
3.9,10
4.2,3.2
NaN,2.5
4,1.8
3.8,2.7
4.1,7
3.9,12
,
2.1,9.6
1.8,18
4.2,1.9
2,29
NaN,9.4
NaN,6.7
3.4,1.6
4.3,2
,
3.7,2.5
4.7,7.2
4.5,6.3
4.6,4
3.6,1.2
,
NaN,5.6
4.4,3.5
4.6,9.2
NaN,1.2
,
NaN,18
2.3,36
NaN,1.2
NaN,8.8
3.8,4.1
NaN,2.5
3,2.7
5,33
4.5,28
4.4,6.7
4.5,21
4.8,3.5
4.3,6
,
NaN,22
,
3.7,27
4.5,3.4
,
4.3,16
NaN,12
4.4,10
,
4.5,9
1.6,36
NaN,12
NaN,3.6
4.5,30
NaN,19
NaN,13
NaN,33
NaN,14
NaN,243
NaN,24
,
3.8,6.6
4.3,44
4.3,89
3,3.5
4,32
4.2,50
4.8,15
4,3.1
4.5,30
NaN,34
4.7,13
1.9,2.6
4.9,2.5
,
4.7,7.5
NaN,569
4.9,26
4.8,5.2
NaN,5.4
NaN,9.1
4.5,26
NaN,28
NaN,3.8
,
4.5,92
NaN,206
5,19
NaN,93
3.9,13
NaN,1.8
NaN,10
4.3,3.5
NaN,7.5
4.8,68
4.3,778
4.6,2.1
NaN,9.2
NaN,3
4.1,72
4.5,35
,
3.8,31
2.4,4.1
,
2.8,13
4.5,60
4.6,85
4.1,1.3
,
4.6,6.9
4.3,5.5
4.6,58
5,94
5,683
3.9,592
,
3.9,6.4
4.2,3.3
NaN,319
NaN,24
NaN,36
3.5,186
NaN,3.5
4,840
NaN,41
3.7,1.5
3.8,36
4.3,647
NaN,5.3
NaN,19
4.5,2.5
4.6,93
NaN,2.8
4.5,5.6
4.3,72
4.4,21
NaN,191
NaN,22
4.6,67
NaN,842
3.9,1.1
NaN,6.9
,
3.1,15
3.9,1.1
4.4,6.2
4.4,1.4
4.4,52
4.6,8.7
3.9,373
4.6,3.8
2.5,3.8
4.6,3.8
2.8,8.2
4,437
3.4,5.7
3.8,1.6
4.5,16
4.8,2.6
3.3,6.6
3.9,598
3.5,2.7
,
4,716
NaN,14
3.6,12
NaN,46
4.7,13
3.9,1.9
5,1.2
4.6,4.3
3.9,13
4.9,8.4
3.6,7.3
3.7,585
3.9,3.2
2.7,6.5
3.8,2.7
2.8,1.4
3.5,17
4.1,3.1
NaN,2.4
4.7,1.6
,
4.5,982
4.1,26
NaN,19
NaN,2.9
4.8,4.5
NaN,222
NaN,42
NaN,7.9
3.4,219
5,55
NaN,948
NaN,7.3
4.3,323
4.4,89
1.8,5.2
4.2,15
3.3,19
NaN,7.6
5,5.6
NaN,18
NaN,24
NaN,10
4.8,11
NaN,29
4.5,4.3
5,10
4.5,88
4.7,5.3
NaN,5.4
4.6,3.1
NaN,6
NaN,26
4.5,6.5
NaN,19
NaN,33
3.5,40
NaN,9.2
NaN,28
3.5,21
2.9,20
NaN,4
NaN,26
,
NaN,26
NaN,33
NaN,25
NaN,44
,
NaN,19
4.8,27
4.7,1.5
,
4.1,13
5,4.8
5,1.6
NaN,4.9
NaN,3.5
NaN,8.7
4,7.7
NaN,19
4.3,3.4
NaN,2.9
4.1,2.4
5,2.7
NaN,5
5,5.9
NaN,2.8
NaN,3.4
NaN,12
4,20
NaN,4.2
NaN,10
3.5,26
NaN,4
NaN,3.6
NaN,98
4.1,5.7
NaN,3.6
NaN,96
4.6,2.2
NaN,10
NaN,4.8
NaN,2
4.1,62
,
4.2,9.8
2.2,34
4.3,53
4.7,7.3
,
NaN,2.8
4.1,24
NaN,73
3.1,53
4.2,27
NaN,4.4
3,17
4.8,1.3
3.7,19
3.1,8.8
4.6,1.3
2.9,1.8
4.2,4.8
4.7,1.8
4.5,691
2.8,12
NaN,20
4.4,5.1
4.4,7.2
4.1,24
4.6,7.4
3,53
4.1,1.3
4.2,14
NaN,8.8
4.4,1.7
3.9,14
NaN,13
NaN,17
NaN,24
NaN,17
4.3,26
4.5,511
4.5,1.7
3.6,32
2,12
4,23
4.5,5.5
4,9.4
4.3,18
NaN,1.8
4.5,951
4.8,1.9
4.5,2.6
NaN,13
NaN,16
4.2,963
4.5,8.5
4.6,23
NaN,8.2
NaN,3.8
3.9,2.4
NaN,1.7
NaN,10
4.3,2
3.9,25
4.3,4.6
3.7,31
4.7,8.2
4.3,554
1.7,21
4.5,6.9
NaN,21
4.7,11
NaN,34
5,4.1
NaN,1.9
NaN,3.5
NaN,3
4.6,4
2.9,2.2
NaN,18
4.8,3.7
2.3,2.4
NaN,9.3
3.8,44
4.2,31
NaN,48
4.4,38
NaN,49
4,27
4.1,351
3.4,8.8
4.3,23
4,48
4.2,9.7
4.1,27
4.7,12
4.2,74
3.9,44
3.8,36
4.1,1.4
,
3.8,25
,
3.7,44
4.3,36
4,82
4.2,57
,
4.7,9.8
4.7,24
4.3,47
4.2,37
3.5,6.9
4.7,10
4.7,15
4.5,9.4
4.5,49
4.7,24
4.6,7.3
4.6,24
4.9,14
,
,
4.4,21
4.4,8.8
4.5,4
,
4.4,18
4.4,18
3,13
4.8,13
4.7,24
,
4,25
3.7,43
3.5,4.6
2.7,47
4.7,20
4.1,26
4.5,69
4.6,13
4.5,9.2
4.4,19
4.3,34
,
4.5,13
4.6,34
4.7,24
4.6,3.8
3.1,8.3
3.9,25
4.7,53
4.6,24
4.7,5.4
NaN,7.7
5,11
4.4,5.6
4.8,5.4
NaN,17
4.1,4.4
,
4.3,8.2
4.4,98
4.7,29
4,2.4
3.4,8.5
4.6,3.2
NaN,3.8
2.8,33
,
3.1,53
NaN,6.2
3.9,22
NaN,17
4.2,25
4.5,39
NaN,4.6
4.1,13
NaN,36
4.2,13
NaN,8.5
NaN,25
3.3,31
4.4,3.7
NaN,8.5
4.4,24
4.6,34
4.4,6.9
4.5,45
4.1,12
2.2,33
4.2,35
4.8,25
NaN,48
NaN,1
3.2,7.2
4.3,14
,
4.6,8.9
,
4.5,208
NaN,9.4
3.4,8.3
NaN,6.9
NaN,12
3.3,5.5
4.2,26
NaN,98
2.4,5.2
3.2,7.7
3.1,5.3
3.8,375
NaN,3.7
4.8,2.9
3.7,18
4.2,6
3.7,34
3,7
3.9,38
4,5.4
5,1.2
NaN,1.2
4,7.9
2.7,2.3
3.1,2.3
4.1,323
,
4,1.4
3.8,2.5
3.8,12
4.3,15
3.5,3.1
4.5,12
3.9,1.5
NaN,9
4.5,3.7
NaN,8.7
NaN,19
3.3,7.4
4.1,3.3
NaN,913
NaN,4.9
5,7.8
NaN,5
3.7,12
4.8,11
1.5,25
5,2.6
4.6,7.2
NaN,1.8
NaN,2.6
5,14
4.7,2.2
NaN,1.9
4.7,5.6
NaN,514
5,20
4.5,11
NaN,12
5,5.6
NaN,3.8
NaN,6.4
5,3.7
4.2,3.4
1,8.4
4.5,2.9
4.2,2.9
5,1.8
4.2,3.1
4.4,80
3.9,3.3
4.6,15
3.8,36
,
NaN,8.3
4,3.1
NaN,9.5
NaN,4.8
NaN,6.7
,
NaN,1.5
NaN,9.2
3.4,3.4
NaN,13
5,5.8
4.6,20
NaN,20
NaN,63
NaN,13
NaN,27
5,3.8
NaN,16
NaN,2.3
NaN,12
NaN,5.6
3,37
NaN,22
,
4.2,1.7
4.3,2.6
NaN,7.9
NaN,20
NaN,5.7
NaN,16
NaN,1.7
NaN,4.2
4.4,4.6
3.2,2.7
NaN,7.2
NaN,46
NaN,14
3.5,12
4.4,3.7
4.5,1.6
3.7,12
5,29
4.5,36
4.5,4
4.1,15
NaN,42
3.4,7.8
4.1,4.6
NaN,4.3
NaN,2.8
5,27
4.2,7.3
4.1,23
4.1,20
NaN,5.4
4.2,24
4.3,20
NaN,1.4
5,3.6
4.4,6.3
NaN,21
4.3,14
4.5,25
NaN,16
4.8,55
4.4,22
NaN,3
NaN,2.6
NaN,24
4.4,551
NaN,4
NaN,5.1
NaN,22
NaN,21
NaN,18
4.7,62
NaN,30
NaN,23
,
,
NaN,10
4.3,29
4.4,1.9
4.6,29
2.8,43
5,8.3
4.4,19
4.4,103
2,6.2
5,8.3
4.4,5.5
5,11
NaN,17
3.4,2.4
4.4,4.6
NaN,3
3.4,21
NaN,2.7
NaN,15
3.3,4.7
1.5,3
NaN,1.4
NaN,13
NaN,16
5,2
NaN,11
4.3,2.9
4.3,40
NaN,14
NaN,9.7
NaN,7.8
NaN,3.2
2.2,8
4.6,29
NaN,3.1
NaN,3.5
5,14
NaN,8.7
NaN,8.8
4.7,9.7
NaN,3.1
NaN,3.2
NaN,8.5
NaN,3.5
NaN,7.8
NaN,11
4.7,6.3
3.5,19
4.3,5
3.6,16
4.3,3.5
3.6,2.3
2.6,3.3
4.7,4.1
4.5,4.1
4,4.1
4.6,7
5,2.3
4.2,4.1
NaN,1.1
NaN,18
4.2,4.1
NaN,1.5
4.7,2.3
4.5,3.5
3.6,3.7
,
4.2,4
3.8,1.8
3.5,4
4.1,3.8
NaN,10
NaN,1.3
5,6.6
NaN,4.1
4.2,2.5
4.1,4.1
,
NaN,2.5
3.6,2.5
4.3,4.3
4.1,7.7
4.4,6.8
NaN,3.4
NaN,1.4
4,3.6
5,2.3
5,14
NaN,99
3.8,4.1
4.3,8.7
4.7,2.5
4.5,2.9
4.4,4.3
4.7,6.1
,
,
,
,
4,14
3.9,15
NaN,6.3
4.9,66
3.5,3.4
,
NaN,76
4.4,7.7
4.2,6.5
NaN,14
NaN,25
,
,
NaN,1.4
4.7,50
4.5,2.5
4.4,2.2
4.2,4.6
4.4,15
3.3,13
,
4.9,8.1
,
,
4.7,16
3.9,9.6
,
,
,
4.4,10
4.8,3.1
4.8,78
4,27
,
5,10
3,5.8
3.9,3.2
NaN,898
NaN,3.7
,
4.6,57
4.3,42
4.2,36
NaN,1.2
5,46
NaN,30
4.5,3.2
NaN,10
4.2,1.8
NaN,31
1,6.6
NaN,5.1
4.6,3.2
NaN,6
NaN,2.5
NaN,9.9
NaN,10
NaN,172
NaN,5.2
4.1,5.1
4.7,6.4
NaN,14
NaN,15
NaN,3.3
4.4,6.9
4.8,5.1
4.2,20
NaN,10
NaN,6.6
5,6.1
4.6,3.2
4.5,100
5,1.4
2.9,2.1
NaN,7.2
4.4,91
NaN,2.8
NaN,743
3,14
4.5,14
2.4,43
4.3,6.9
3.9,96
1.9,14
4.4,26
5,18
4,34
4.7,2.8
3.9,92
5,11
4.2,15
4.2,4
2.8,3.8
4.2,1.3
1,13
3.9,67
4.1,99
4.1,116
3.2,2.2
NaN,24
5,43
NaN,5.9
5,2.4
4.3,67
4.1,67
3.8,13
4,8.2
NaN,5.2
,
5,9.2
4.1,63
5,4.2
NaN,16
3.7,10
NaN,18
NaN,12
4.1,78
3.5,38
3.9,9.5
,
3.8,45
3.7,28
,
2.8,7.7
4.7,9.5
4.3,5.2
4.1,38
NaN,3.7
4.7,25
4.2,20
4,153
3.2,5.3
4.6,6.3
5,38
4.4,13
4.5,6.4
4,1.9
4.6,6.4
4.7,2
NaN,8.6
4.1,24
4.5,10
4.3,39
NaN,60
5,40
5,15
4.2,209
4,1.5
NaN,2.3
5,13
2.7,9.4
4.1,3.7
NaN,4.2
NaN,22
4.4,13
NaN,8.1
4.3,12
4.1,19
,
4.4,4.9
NaN,9.7
NaN,3.6
3.6,2.5
4,2.5
4.1,18
4,35
4.1,6.3
4,1.3
4.6,24
NaN,3.4
NaN,3.4
NaN,3.4
NaN,3.4
5,17
3.6,2.2
,
4.3,5
4.1,4.6
2.6,9
2.7,1.3
3.8,24
5,3.2
4.2,97
NaN,353
5,3.2
2.6,2.4
4.4,8.4
4.3,12
NaN,3.4
NaN,3.4
4.7,7.3
2.8,4.2
4.1,58
NaN,6.8
3.6,499
NaN,3.2
NaN,3.3
4,3.7
NaN,25
NaN,12
5,1.3
5,40
4.7,5.2
,
4.6,17
4.7,173
,
4.6,5.1
4.6,5.8
4.6,1.2
4.6,5.8
4.4,1.8
3.8,1.9
4.1,3.6
3.4,2.5
4.5,2.1
4.5,1.1
4.5,17
4,2.1
4.7,2.8
,
4.4,5.5
4.7,41
4.7,14
4.2,597
4.2,2.7
4,3.2
3.6,809
4.7,2.2
4.4,8.2
4.3,2.8
4.4,4
4.4,1.8
4.4,70
4.3,2.3
3.3,1.3
3.6,122
4.5,4.1
4.5,11
4.6,4.2
4.3,8.2
3.6,411
4.3,2.3
4.4,5.7
,
4.2,2.7
4.8,1.9
4.2,19
NaN,2.3
,
3.7,49
4.5,28
4.1,41
4.6,25
4.5,25
4.7,38
4.3,28
4.3,55
4.6,58
4.1,27
4.2,25
4.3,31
4.2,94
4.3,25
3.6,21
4.2,45
4.2,45
4,24
4.6,83
4.3,88
4.4,51
4.5,63
4.3,21
3.7,7.2
4.2,51
4.7,98
4.6,27
4.5,9.3
4.1,87
4.5,55
,
3.4,26
,
3.9,62
4.4,22
4.1,40
4.3,5.5
3.9,18
4,74
NaN,16
5,64
4.2,16
4.3,25
4.5,12
4.5,18
3.9,4.5
NaN,77
4.5,85
3.5,85
3.6,26
1.9,2
4.3,3.9
3.2,11
1.6,18
4.2,8.7
4.9,3.9
4.4,4
,
3.4,53
NaN,4.9
4.7,52
2.9,23
4.3,13
4.4,30
4.3,18
4.6,4.1
4.6,13
4.2,20
3.5,21
NaN,12
2.9,18
4.4,41
4.7,12
4.5,14
,
,
4.7,6
4.4,17
4.4,400
4.4,42
NaN,54
4.5,11
3.5,37
4.2,13
3.7,6.5
4.4,16
3.4,19
4.3,3.3
3.6,35
4.6,6.3
4.6,12
4.2,5
4.3,43
3.8,2.9
1.4,4.1
4.4,8.5
NaN,7
4,19
NaN,16
4.6,14
3.9,801
3.8,5.6
4.7,36
4.2,3.2
4.3,7
4.1,2.9
4.3,35
4.2,21
NaN,5.8
3.6,4.7
4.6,20
NaN,3.9
4.3,12
5,7.8
5,24
5,12
,
3.8,4.9
3.9,3.3
NaN,5.4
NaN,2.4
4.8,27
4.1,22
4,1.2
4.8,2.5
4.8,14
4.4,6.8
NaN,1.2
4.1,787
NaN,4.9
NaN,5.3
NaN,6.5
4.4,69
4.3,14
3.7,3.4
4.3,50
NaN,8.1
NaN,1.7
4.3,18
2.7,18
4.4,36
NaN,8.1
4.5,5.1
NaN,1.6
4.2,61
NaN,4.1
3.7,10
NaN,237
5,3.4
NaN,18
4.2,3.5
3.9,3.4
NaN,9.1
4.5,15
NaN,14
3.5,3.8
4.7,10
4.2,26
,
4.7,3.3
4.6,15
4,19
NaN,3.7
,
NaN,2.1
NaN,11
3.8,43
4.7,6.9
4.5,40
,
4.6,36
5,1.5
3.9,37
5,22
NaN,3.3
2.3,2.6
NaN,34
3.6,2.9
4,12
3.7,3.7
4.2,17
4.1,23
4.4,17
4.6,5
4.2,18
4.4,33
4.3,26
4,32
4.5,38
3.9,21
3.7,41
4.6,1.7
NaN,4.3
3.8,9.9
4.7,5.9
NaN,2.7
3.4,12
4.5,16
4.1,19
4.3,2.8
4.6,3.6
4.3,37
4.3,4.3
4,1.7
NaN,3.1
3.5,30
2.3,5.2
NaN,2.8
3.9,18
4.1,3.4
4.5,41
4.6,13
4.4,6.7
3.1,9.8
4.3,14
3.3,26
5,22
NaN,8.7
4.2,88
3.8,18
3.3,18
NaN,1.3
5,4.5
1,7.8
4.5,23
,
,
4.4,50
4.1,70
4.5,47
4.2,42
3.7,3.7
4.1,39
3.9,22
4.5,22
3.6,12
3.2,14
3.5,4.3
,
4.6,8.5
4.8,6.7
4.1,7.5
4.4,88
4.3,1.1
NaN,8.3
4,5.7
3.1,643
4.2,44
4.1,11
NaN,28
3.5,40
4.3,9.1
3.8,2.1
4.3,32
4.8,7.8
2.3,2.4
4.3,53
4.4,6
3.6,25
5,3.3
NaN,34
4.3,3.6
4.2,6.2
4.3,68
4.7,19
3.9,3.6
4.4,17
4.4,31
4.3,18
2.6,6
4.3,29
NaN,77
3.8,42
4.2,14
4.2,29
4.1,5.7
4,36
4.4,8.9
4.7,5.1
NaN,19
2.6,4.3
4.3,62
5,29
3.7,7.8
4.3,20
4.1,986
4.3,18
3.8,14
4.5,9.3
5,17
NaN,1.4
NaN,16
3.9,4
3.8,8.3
4.6,9.6
NaN,11
4.6,20
4.7,14
5,17
NaN,15
4.5,13
NaN,11
4.3,46
3.5,11
3.3,1.6
NaN,28
,
3.9,11
NaN,4.9
4.5,8.6
NaN,23
3.4,24
5,1.6
5,8.4
NaN,97
NaN,20
4.8,44
3.6,88
NaN,4.8
4.3,32
4,25
4.5,27
4.6,7.3
4.7,14
3.8,15
,
4.7,16
4,25
4.6,14
2,2.9
4.3,18
2,35
3.6,25
4.7,14
3.5,6.5
4,5.5
3.5,28
4.3,17
4.1,7.3
4.6,24
3.8,2.1
4.3,24
3.8,2.8
1,7.2
3.8,8.6
3.3,2.3
4.8,12
,
,
3.6,70
3.8,34
4.3,2.6
3.9,35
4.2,24
4.6,88
4,7
4.5,3.9
,
4.6,3.8
4.5,26
3.7,5
4.4,4.7
4.6,5.6
3.9,5.3
4.4,2.2
4.5,26
4.5,5.6
4.3,26
3.7,8.6
3.9,21
3.9,4.8
4.3,15
4.1,20
4.1,20
4.4,5.5
4.4,5.7
4.2,11
4.5,4.7
4.6,4.1
4.4,6.9
4.4,12
,
3.8,5.9
2.6,2.2
4.2,7.1
4.4,7.9
4.2,25
4,26
4.2,4.9
4,25
4.4,8.3
4.5,6
3.2,3
4.3,19
3.4,4.1
2.3,6
4.4,4.6
4.3,26
NaN,4.4
4.3,10
3.6,5
4.6,16
4.2,22
4,8.1
4.4,21
4.5,13
3.2,4.8
1.7,6.1
2.2,4.3
3.8,6.2
4.8,3.5
NaN,2.4
4.4,38
4.5,9.5
4.8,516
4.6,837
3.7,2
4.4,17
3.5,6.8
3.8,1.1
3.8,780
4.3,3.7
NaN,961
4.6,2.6
NaN,4.8
4.5,7.8
NaN,22
,
NaN,1.5
4.8,9.6
,
5,2.4
,
3,55
NaN,269
5,3.7
NaN,21
4.4,96
4.6,1.1
3.9,20
3.3,12
,
3,498
4.2,13
4.2,4.2
4.2,11
,
4,600
3.2,18
4.6,3
3.2,14
4.1,72
,
4.4,54
4,12
4.2,37
4.1,6.5
4.3,6.6
3.3,50
4.7,4.3
4.4,7.6
3.1,5.5
3.1,94
3.3,35
3.9,55
3.4,11
3.9,12
4.4,21
3.9,27
3.7,5.3
4.5,30
4.7,10
NaN,11
4.6,9.8
NaN,68
5,3.8
3,33
NaN,24
3.9,35
NaN,20
5,3.4
3.9,2.5
NaN,32
NaN,5.8
NaN,18
NaN,20
NaN,32
NaN,6.9
3.8,12
NaN,17
3.6,592
3.9,50
3.8,19
NaN,55
4.8,1
NaN,2
NaN,7.5
NaN,16
NaN,10
,
,
4,1.1
4.7,81
4.8,15
4.7,13
4.7,20
4.5,7.1
4,4.5
NaN,1.3
3.2,10
NaN,29
NaN,749
4.7,20
4.5,8.1
NaN,3.8
4.5,1.6
4.9,6.1
4.2,4.9
,
5,20
NaN,15
5,9.3
NaN,12
NaN,3.9
4.2,61
4.7,5.8
NaN,5
NaN,4.4
,
NaN,642
NaN,9.4
NaN,3.3
,
4.5,6.4
3.8,4
4.5,46
NaN,12
4.3,30
,
3.9,1.4
4.2,15
4.5,1.8
4.1,19
,
4.1,12
4.6,21
3.3,25
4.5,3.4
2.2,8.7
4.4,19
3.9,9.8
4.5,18
2.8,18
3.3,15
NaN,17
4.5,43
NaN,9.3
NaN,11
3.1,2
3.2,2.2
4.4,4.4
4.1,5.4
NaN,12
5,1.4
NaN,17
NaN,881
3.8,3.3
NaN,17
NaN,13
4.3,7.3
4.6,23
NaN,12
NaN,72
,
4.9,2.2
,
5,3.5
NaN,18
NaN,8.6
2.9,4.8
4.4,7.3
4.4,13
NaN,5.3
4.6,6.2
4.5,656
4,5
NaN,601
3.5,8.3
,
4.8,73
3.5,7.4
4.7,22
4.6,26
4.4,14
4.3,7.3
4.7,3.1
4.4,11
,
3.5,12
4.6,13
3.9,33
,
4.6,49
4.2,31
,
4.6,34
4,44
4.2,11
3.8,55
,
4.3,59
,
4.5,60
4.1,25
4.2,56
4,20
3.6,2.3
3.3,221
4.7,1.5
4.6,48
4.5,31
3.9,7.5
4.3,228
NaN,2.6
3.9,2.3
4.3,2.8
NaN,16
NaN,2.2
3.1,4.5
4.4,33
3.7,72
4.6,3.3
4.6,6.6
2.7,5.2
NaN,8
NaN,108
4.1,3.5
4.2,11
1.9,10
4.6,9.4
NaN,10
,
NaN,940
4.4,8.7
4.2,6.3
3.9,4.1
2.4,37
5,3.2
3.9,11
NaN,2.6
3.7,3
5,14
4,47
3,2.5
4.1,2.3
4.8,49
4.5,44
3.5,3
NaN,2.3
NaN,15
NaN,10
4.5,7.6
4.5,59
,
4.3,36
4.4,32
4.4,9.5
4.3,95
4.2,5.8
4.5,35
4.3,63
4.3,9.7
4.2,91
4.9,63
,
1.4,3.1
4,88
5,12
4.3,92
NaN,4.1
,
4.3,23
3.8,7.2
4.1,6.4
4.2,3.4
4.3,91
4.1,6.1
4.3,22
3.6,6.9
4.3,91
4.6,72
4.4,10
5,2.2
4.4,8.5
4.5,12
NaN,21
4.7,11
NaN,2.3
5,16
NaN,32
NaN,17
3.4,1.3
3.1,18
4.5,10
5,1.2
4.3,8.7
4.4,42
,
4.2,38
4,5.3
,
,
4.1,5.8
3.8,96
4.3,21
,
4.1,10
4.3,80
4.3,6.1
4.2,1.5
4.3,31
4.4,26
4.4,20
3.9,2.9
,
,
4.3,38
3.5,36
4.2,14
4.1,176
4.1,44
4.7,82
4.5,3.3
3.3,18
4.2,8.3
NaN,33
NaN,14
,
4.6,8.3
NaN,9.9
4.3,8
4.3,1.5
4,3.6
4.7,15
5,6.7
NaN,663
NaN,1.4
NaN,20
NaN,6
NaN,14
NaN,1.5
NaN,2.3
5,27
4.9,76
NaN,15
NaN,32
NaN,6.3
NaN,24
NaN,1.4
NaN,36
4.3,15
NaN,3
NaN,14
NaN,10
4,15
NaN,5.2
NaN,2.9
4.5,3.3
NaN,5.7
4.1,36
4.3,5.7
NaN,2.9
NaN,3.3
NaN,4.5
,
NaN,1.6
NaN,2.8
,
3.7,1.1
4.2,4.1
3.6,1.1
3.6,6.8
2.1,28
4.7,32
3.2,12
3,22
4.3,1.4
3,1.2
4.3,20
3.9,7.6
3.3,2.9
,
4,2.5
3.7,11
2.8,34
4.4,21
5,4.5
3.9,22
4.2,34
4.8,14
4,12
,
3,1.3
4.5,3.1
2.6,11
5,5.9
NaN,3
NaN,12
5,1.1
4.1,26
NaN,4.5
4.5,5.9
5,5.7
,
4.5,37
,
4.4,77
4.3,43
4.2,20
3,8
4.1,17
4.2,10
4.2,34
4,81
,
4.1,35
3.6,100
4.3,48
5,59
,
3.9,14
NaN,10
4.1,16
3.8,24
5,2.3
3.7,4.1
4.3,28
4.2,27
4.3,27
2.5,6.7
4.3,23
,
NaN,4.9
4.3,85
4.2,41
4.6,14
4,94
2.9,45
NaN,942
4.5,26
4.7,99
3.8,5.9
NaN,36
4.7,52
3.9,63
4.5,26
,
4.5,35
,
4.3,5.4
4.4,53
4.8,4
4.2,51
4.1,20
4.5,39
4.5,5
4.6,5.7
4.4,29
4.1,87
4.3,7.1
4.7,61
,
4.2,30
4.3,52
4.5,44
,
4.8,4.6
4.5,90
,
4.7,91
4.4,30
4.1,20
4.3,28
4.2,16
4.2,16
3.6,7.9
2.8,57
3.9,16
3.8,25
4.4,34
3.7,29
2.7,87
3.8,38
3.2,18
3.9,19
2.3,70
4.1,3.3
4.3,14
3.1,66
4.6,4.3
4.1,48
4.4,31
3.2,3.3
4.5,25
3.7,11
NaN,17
NaN,16
NaN,3.5
4.4,33
4.5,6.4
5,3.9
4.8,1.5
NaN,6.6
4.6,23
4,2.4
4.1,35
NaN,1.1
4.1,11
NaN,13
NaN,34
4.8,7.1
NaN,4.2
NaN,17
NaN,3
4.3,5.3
2.8,30
NaN,3.3
NaN,2.5
4.7,2
,
4.2,6.3
,
3.8,2.3
3.8,7.2
,
3.8,2.2
4,6.2
4,1.7
4.6,10
4,3.2
4.3,30
4.3,11
3.9,2.4
5,1.7
4,3.3
4.1,13
3.9,3.2
4.2,7.9
4.3,5.2
4.5,22
4.4,1.6
4.1,9.4
4.2,5.4
4.5,1.1
4.6,3.3
4.1,5.5
3.9,4.2
4.7,10
3.9,5
4.3,2.9
2.9,30
4.4,5.4
3.7,3.7
4.4,2.9
4.1,3
NaN,4.2
2.8,11
4.9,3
3.4,6.3
2.8,20
2.5,97
4.7,259
3.1,4.9
NaN,11
3.2,36
4.3,164
3.9,3
3.6,16
3.2,458
NaN,245
3.5,5.2
3.3,5.7
NaN,3.3
NaN,27
NaN,10
NaN,7.8
2.4,8.5
4.4,5.9
2.8,629
5,1.7
NaN,92
4.4,21
NaN,1.2
NaN,33
NaN,35
,
NaN,2.4
NaN,11
NaN,23
5,4
,
3.3,17
2.9,4.1
4.1,28
4.6,1.8
NaN,3.4
2.2,32
4.3,288
5,4.2
2.5,17
NaN,18
3,37
3.7,15
5,3.8
NaN,21
NaN,4.2
NaN,28
NaN,2.3
5,775
NaN,10
NaN,5.9
4.1,33
NaN,7.5
NaN,19
NaN,3.8
4.1,4
,
4.6,62
,
NaN,7.6
4.5,27
NaN,2.1
3.3,15
NaN,3.4
4.4,30
4.7,18
4.7,5.3
4,31
4.5,50
4.3,22
4.6,2.6
4.7,86
4.4,71
4,32
4.2,9.2
,
4.1,16
,
,
4.3,4.2
4.7,3.5
,
4.3,60
,
3.1,5.9
4,78
,
4.5,12
4.4,4.9
,
,
4.4,3
4.6,6.3
,
4.6,8.4
4.3,4
4.3,1.9
3.9,201
4.5,5
4.7,4
4.3,30
,
4.6,9
4.2,8.5
,
,
4.2,13
4.1,3.4
4.6,20
4.4,4.4
3.7,8.3
4.4,19
3.9,6.4
4.3,2.4
,
4.3,5.3
4.5,5.2
4.5,70
4.5,41
4.5,1.9
4.7,39
4.3,5.8
4.4,11
4.5,6.9
4.3,15
4.3,4.7
4.2,8.2
4.2,18
4.3,4.4
4.2,15
4.7,9.4
4.1,3
4.3,12
4.1,3.4
3.8,5.1
4.5,2
4.1,3.2
NaN,5.2
4.3,11
4.5,14
4.1,7.7
4.4,12
4.3,3.8
4.4,8.1
4.3,5.4
NaN,5.7
4.1,10
4.6,8.7
4.7,3.8
4.2,5.6
3.7,3.8
4.7,4.1
4.4,11
4.7,5.7
4.2,3.8
4.6,9.1
4.5,2.5
4.8,6.7
3.7,11
4.3,7.7
4.2,7
3.6,43
4.1,13
2.3,20
4.3,59
4.6,3.9
4.5,27
4,16
4.2,63
4.6,12
4.2,30
4.5,44
4.3,43
4.4,17
3.6,42
4,6.3
NaN,2.6
2.8,20
3.8,16
4.1,13
3.8,6.3
3.4,2.7
4.5,56
4.3,1.1
3.1,26
4.6,56
3.3,785
3.9,25
4.2,4.7
4.9,6
3.9,4.9
3.4,18
,
4.2,66
3.8,41
4.6,96
4.4,76
4,4.2
4.2,36
NaN,3.9
4.2,24
4.5,35
4.6,23
4.4,13
4.6,19
,
3.7,7.6
4.1,96
4.2,35
,
4.5,81
4.6,95
4.5,10
4.4,21
3.3,4.7
4.2,27
4.2,25
4,3.4
4,33
4,5.7
3.5,3.1
,
3.9,4.3
3.9,4.5
4.1,46
4.4,33
4.2,58
4.4,9.3
4.3,6.2
4.1,6.7
4,41
4.3,6
4.4,9.5
4.5,60
4.6,31
3.7,36
3.8,4.3
3.4,1.5
4.3,68
3.8,1.2
4.7,12
4.4,22
4.4,45
4.1,62
4.4,80
4,34
3.9,3.5
4.3,67
4.2,58
3.3,5.1
4,5.5
4.6,12
4.1,19
4.1,19
3.4,8.8
3.4,11
4.1,12
4,32
3.4,22
3.2,38
,
,
3.9,60
3.6,35
3.8,15
3.9,43
,
1,4.4
4.6,2.1
,
,
4.9,23
NaN,2.3
2.6,636
3.9,4.2
NaN,4.6
3.5,7.9
3.2,1.4
NaN,21
3.3,916
NaN,28
NaN,1.6
3.8,84
3.9,6.6
4.6,12
1.8,14
NaN,38
4.3,5
3.9,2.9
NaN,1.4
4.8,8.4
3.7,3
4,2.6
4.1,3.7
4.6,100
4,5.8
NaN,28
4.8,4.5
NaN,8.9
4,3.1
3.5,22
NaN,9.9
3,49
4.6,1.6
1.6,8.9
3.8,22
1.7,23
4.6,94
5,6.3
4.6,1.1
4.4,95
4.5,21
3.8,9.5
4,24
4.1,1.5
NaN,24
5,7.9
NaN,5.3
NaN,1.2
NaN,12
NaN,5.7
5,13
1,24
NaN,54
NaN,3.9
,
,
4.6,51
2.4,49
NaN,1.3
4.5,994
NaN,3.6
NaN,4.1
4.4,66
4.3,32
5,2.9
4.1,8.9
3.8,47
3.9,2.1
3.1,12
4.7,7.8
4.5,15
3.5,25
4.5,14
4.6,10
4.5,8.9
4.5,4.8
4.4,3.2
4.3,4.7
,
4.2,2
4.6,14
4.5,4.7
3.8,22
4.3,14
4.6,4.3
,
3.6,5.2
4.2,309
4.7,8.7
4.3,485
4.7,2.5
4.8,9.2
3.1,39
4.5,96
,
4.5,6.9
4.5,9.8
NaN,16
4.7,6.2
4.1,914
4.4,8.2
,
4.6,13
3.4,48
NaN,2.8
,
3.6,31
3.7,1.3
2.1,29
2,17
3.5,19
4.3,2.6
2.4,71
4.5,2.6
2.8,14
NaN,44
4.5,5.1
NaN,11
2.8,13
3.9,2.6
3.2,65
3.1,8.7
2.4,903
4.6,25
2.9,4
4,1.7
3.7,2.4
2.3,8.5
2.9,26
4.6,2
4.3,2.5
5,18
4.2,2.9
4.6,1.3
4.5,1.7
4.2,2.7
4.8,608
3.5,22
4.6,4.2
3.5,41
3.6,65
NaN,16
5,15
3,9.3
NaN,4.2
NaN,5.1
2.9,8.9
3.7,24
4.6,4
,
4.2,31
3.2,9.5
2.5,8.2
4.4,17
4.3,1.8
,
4,30
4.5,31
3.4,8.5
4.3,6.3
4.3,10
NaN,4.8
4.3,6
NaN,5.8
NaN,6.3
4,79
4.9,6.3
3.4,2.4
4.9,5
4.3,2
4.7,4.4
4.8,8
,
4.3,39
4,3.5
NaN,3.9
3.5,9.8
NaN,5.9
5,15
4.7,6.3
NaN,3
4.2,2.2
4.4,4.2
4.2,16
5,1.5
,
5,500
2,3.4
NaN,3.3
3.7,13
NaN,2.5
NaN,10
NaN,3
3.9,54
4.5,4.8
NaN,2.9
NaN,3
NaN,40
3.1,11
4.5,6.6
4.7,16
,
4.4,1.6
3.8,48
4.2,4.6
4.5,2.8
,
4.5,23
4.6,26
4.2,2.5
4.5,24
4.2,56
4.2,4
4.1,2.5
4.3,40
5,73
4.6,31
,
4.4,45
NaN,42
4.5,39
3.6,48
4.6,7.2
NaN,10
4,14
4.6,11
4.5,21
4.5,32
NaN,47
,
NaN,2.1
4.8,16
5,33
4.4,3.4
NaN,17
4,1.6
3.5,42
5,11
4,48
4.2,40
,
3.9,20
4.5,60
3.6,2.6
4.2,22
3,3.2
,
4,5.3
3.4,22
4.9,10
NaN,43
NaN,4.8
NaN,20
NaN,1.9
4,3.3
4.4,1.2
4.1,54
4.4,26
,
NaN,67
4.5,6.4
4.2,50
3.9,2.5
NaN,1.3
3.6,21
5,7.4
4.4,30
3.6,3.9
4.7,9.8
4.2,4.5
4.5,9.8
4.7,3.2
NaN,47
NaN,6
4.3,2.5
4.2,2.3
,
NaN,14
4.7,7
4.4,562
NaN,14
4.1,4.7
4.5,4.5
4.1,10
4,3
NaN,18
NaN,32
4.3,847
4.2,2.8
NaN,9.9
4.2,17
NaN,2.5
4.1,3.4
4.2,6.8
NaN,957
5,29
4,3.6
,
4.5,28
NaN,3.1
4.1,2.5
NaN,1.6
4.7,23
4.4,15
4.9,6.1
3.6,10
4.2,2.4
NaN,4.6
4.4,3.3
NaN,10
4.5,3.8
4.2,3.1
NaN,33
NaN,6.2
4.2,2.1
NaN,18
4.5,37
4.4,58
4.4,22
4.5,71
,
3.9,63
4.3,49
4.4,15
,
4.5,67
4,45
4.5,29
4,57
,
4.3,43
2.5,12
4.4,96
3.8,26
4.4,79
4.2,98
4.1,19
4.2,28
3.9,50
4.5,39
4.1,30
4.4,99
4.3,58
,
3.4,92
3.4,43
4.4,100
4.2,72
4.4,37
3.5,3.1
4.1,33
4.6,3.3
1.7,5.6
3.3,16
5,5.4
4.8,11
NaN,30
4.6,31
3.3,3.3
NaN,30
4.2,6.1
NaN,5.2
3.5,18
3.7,16
5,25
NaN,2.3
NaN,13
,
4.1,8.8
3.5,15
5,2.4
NaN,70
3.7,3.9
4,3.9
NaN,9
NaN,21
4.2,7.3
NaN,1.8
4.5,1.4
3.8,948
2.5,5
4,2.2
NaN,688
4,2.2
4.1,2.5
NaN,7.3
NaN,90
3.4,3.1
3.6,811
3.4,4
3.9,4.1
4.6,2.8
,
4.7,16
5,4.3
3.9,3.8
3.9,270
4.2,3.7
,
3.5,3
NaN,2.3
4.1,3.8
4.2,2.7
4.4,2.2
4.5,28
3.8,1.5
3.4,5.5
NaN,4
3.9,48
4.5,7.7
NaN,26
NaN,8.6
3,4.3
NaN,17
4.1,3.8
4.6,15
NaN,3.4
3.9,5
4.7,2.3
4.5,1.6
3.4,2.7
5,8.1
5,3.8
5,6.3
4,7.4
NaN,12
NaN,7.9
4,5.4
NaN,4
4.9,3.1
5,5.5
NaN,8.4
4.6,3.9
NaN,329
4.8,3
4.1,4.2
4.1,3.8
NaN,5.3
NaN,6
4.7,4.3
NaN,30
5,4.6
4.4,17
3.3,14
4,39
3.5,13
2.8,35
NaN,6.9
3.6,14
3.2,23
3.6,15
3.7,11
3.3,14
3.1,14
4.1,17
3.1,17
3.5,9.8
3.6,15
5,4.4
2.3,43
NaN,19
,
2.9,36
3,9.4
2.9,29
3.9,10
5,23
NaN,10
3.4,33
5,20
NaN,33
4.8,14
NaN,2.3
4.2,54
NaN,2.5
NaN,4.3
NaN,11
5,15
NaN,1.6
4.3,2
4.6,31
,
NaN,3.6
4.4,3.7
4.8,14
NaN,6.6
NaN,5.1
4.1,4.6
NaN,5.3
4.6,6.8
4.3,53
4.6,7.5
4,23
2.9,1.5
4.1,2.4
NaN,25
NaN,30
,
NaN,13
4.2,6.5
NaN,4.4
4.3,23
4.4,5
2.4,16
4.2,7.4
NaN,1.1
NaN,1.1
NaN,38
3.1,523
NaN,118
3,18
4.7,16
3.4,61
NaN,56
4.7,3.1
4.7,12
4.2,6
5,4
4.5,30
4.3,17
3.3,51
,
NaN,31
4.2,42
4.2,99
4.7,6.4
4.3,22
4.8,63
4.2,11
4,99
4.2,21
4.1,14
4.6,46
4.6,18
3.8,61
4.5,99
4.4,31
4.1,26
4,26
3.9,7
3.5,3.3
5,3.9
4.6,8.7
NaN,62
3.6,3.5
4.2,6.4
,
NaN,921
3.8,7.1
NaN,874
3.4,2.3
3.8,55
4.2,41
4.2,52
3.7,32
4,13
4.4,44
4.5,3.4
3.7,94
4.2,23
3.9,48
,
3.7,26
4.2,19
4,44
3.9,33
4.1,35
4.3,65
4.5,9.2
4.5,23
3.3,48
4.4,37
4.2,20
4.2,4.8
4.1,5.7
4.1,29
4.4,42
4.1,48
3.9,3.7
3.9,61
4.4,66
3.8,82
3,1.6
3.4,1.8
,
NaN,85
NaN,981
5,12
NaN,4.5
4.1,14
NaN,15
2.4,3.8
3.9,784
,
NaN,7.7
NaN,13
4,1.5
NaN,13
3,7.1
NaN,3.2
4.4,21
3.4,23
2.9,27
5,19
4.5,45
3.7,15
,
NaN,13
4,33
3.2,2.1
3.6,16
3.2,3.3
3.7,20
4.7,5.2
4.4,8.7
,
4.4,99
4.3,77
4.9,3.8
2.6,6
5,5
4.1,55
4,5.3
4.1,37
NaN,2.3
3.3,12
4.2,50
4,280
4.3,31
NaN,19
4.4,69
5,25
4.3,38
4.4,26
NaN,13
NaN,6.8
NaN,4.1
3.9,48
,
4,68
3.8,45
,
NaN,9.3
3.8,44
4.4,41
4.3,65
4.7,4.4
3.9,46
4.2,23
3.8,30
4.3,28
3.8,47
4.2,59
4.5,1.6
4.2,14
3.6,43
4,4.1
,
3.5,3.8
4.4,47
3.5,24
4.1,31
4.8,2.7
4.4,7.3
4.3,59
4,48
4.2,1.3
4.4,12
3.5,5
4.3,6.6
4.4,55
4.7,2.8
,
3.8,10
5,30
4.8,3.7
4.9,18
4.3,7.4
NaN,17
5,1.3
NaN,3.7
4.9,26
4.9,5
4.9,3.3
4.5,3.9
NaN,29
4.5,5.6
5,3
5,1.8
3,5.8
NaN,5.7
NaN,2.6
4.9,38
5,6.2
5,11
NaN,1.5
4.1,62
NaN,4
4.1,3.1
4.3,56
4.3,30
4.1,1.9
4.7,2
NaN,4.5
4.9,4.3
4,9.9
5,2
5,2.3
NaN,29
4.6,99
4.2,5.1
3.7,2.7
5,64
4.3,49
4,79
4.3,47
4,25
4,49
3.1,36
3.4,22
4.2,7
4.2,60
4.1,13
,
NaN,3.2
4,31
NaN,50
3.9,60
4.8,16
4.1,25
4.3,3.6
4.3,3.5
4.4,12
,
4.4,33
4.5,24
4.5,4.1
4.8,49
,
4.5,3.2
4.6,73
4.6,22
4.5,4.4
NaN,32
,
4.4,63
,
4.7,15
4.5,16
4.2,6.4
4.5,25
,
4.7,52
4.1,21
4.1,2.3
,
4.4,15
4.5,6.8
3.8,40
3.9,88
3.5,59
,
4.2,24
4.6,46
3.7,39
4.4,6.9
3.6,14
3.4,52
4,14
4.3,37
,
4.5,24
4.4,28
,
4.1,4.4
4.4,52
4.3,51
4.5,76
4.5,4.4
,
4.5,26
4.3,67
4.1,46
4.6,78
4.3,33
4,26
,
,
NaN,60
4.6,3
4.6,90
4.3,28
4.3,60
4.2,40
4.5,25
4,41
,
,
3.8,13
,
,
,
4,42
4.5,35
4.1,18
4.5,53
4.2,31
4.4,4.3
,
4,11
4.3,8.5
4.3,21
,
4.4,43
4,10
4.7,3.4
,
4.5,15
4.1,7.1
,
4.1,11
4.3,1.5
3.5,21
4.7,34
NaN,11
2.6,8.9
4.2,19
NaN,4.2
NaN,1.1
NaN,11
NaN,14
,
NaN,30
NaN,24
NaN,518
,
NaN,6.3
4.3,41
NaN,18
NaN,5.2
NaN,6.7
NaN,3.1
NaN,2
4.4,36
4.3,60
NaN,74
NaN,11
4.1,92
NaN,83
4.3,54
4.5,42
NaN,23
4.6,31
4.6,98
4.7,69
NaN,754
4.3,37
4.2,20
4.5,77
4.3,73
4.5,33
3.5,2.7
4.3,57
4.6,83
4.5,73
,
4.4,44
NaN,2.8
NaN,13
NaN,2.1
3.4,28
4.3,2.3
3.8,892
4.5,70
NaN,2.3
NaN,20
,
5,8.8
4.9,24
NaN,21
NaN,15
5,154
NaN,21
NaN,4.8
4.2,20
4.3,31
4.4,16
2.3,12
4.7,27
NaN,6.3
NaN,11
NaN,2
4.4,1.5
4.3,20
4.4,39
NaN,3.2
4,27
3.6,7.2
NaN,23
4.1,47
4.6,31
3.9,21
4.4,34
NaN,5.3
3.7,37
3.9,5.7
NaN,10
4.3,52
4.1,69
3.6,56
3.5,53
3.9,62
3.9,76
3.8,71
4,72
NaN,28
4.5,2.8
3.6,51
3.9,28
4.3,40
4,27
,
3.7,37
3.9,46
4.2,50
3.5,49
4,58
3.8,41
4.1,73
4.2,33
4.1,46
4.4,19
3.7,32
NaN,30
4.7,92
3.8,55
4,45
4.2,47
3.8,85
3.9,48
4,77
3.1,30
5,28
3.5,35
4.1,5.8
4.5,39
4.7,25
4.1,32
NaN,8.9
3.9,84
4,60
4.3,5.3
3.1,39
NaN,20
4.2,20
4.1,17
,
3.2,18
NaN,42
3.3,29
,
4.7,6.6
4.3,3.2
4.2,33
4.7,4.4
4.3,3.4
4.2,860
4.2,1.2
4.2,1.7
4.1,2.8
4.2,364
4.3,2.2
4.4,1.9
4.3,1.7
3.5,3
4.3,387
1.8,2.7
4.2,2
4.2,5
4.6,375
4,11
4.3,626
5,11
3.8,2.9
4.3,6.5
3,2
5,4.2
,
4.6,6.7
,
4.7,9.2
5,4.7
4.8,15
3,161
4.6,24
4.6,1.7
NaN,2.7
4.1,5.9
4.6,9.2
4.5,13
,
4.2,9.2
,
4.7,6.3
4.9,3.8
4.3,4.2
4.4,5.7
3.6,18
4.6,9.9
,
NaN,12
3.9,5.3
4.3,9.9
4.8,63
,
,
,
,
,
,
3.9,13
,
4.4,31
,
,
4.3,35
4.5,61
,
,
4.8,62
4.6,93
4.5,93
4,79
4.2,5
,
4.7,33
4.2,8.7
4.6,61
,
3.9,6.1
3.6,26
4.6,37
NaN,19
3.4,2.3
4.2,4.4
3.4,32
3.6,879
4.2,5.3
3.5,17
4.3,4.2
NaN,5.3
3.9,3.4
4.3,12
3.6,1.8
NaN,12
3.9,2.5
4.3,3.9
3.7,2
NaN,7.2
3.8,13
NaN,20
4.1,16
4.1,22
4.7,3.5
,
NaN,2.3
1.9,65
3.6,21
3.8,21
NaN,20
4.5,12
2.7,2
NaN,2.7
4.5,13
NaN,7
5,9.4
4,11
,
NaN,1.2
NaN,18
4.4,7.5
NaN,2.6
4,12
NaN,3.1
3.1,39
NaN,4.3
NaN,45
5,15
NaN,2.5
NaN,5.4
NaN,5.2
NaN,1.5
NaN,970
NaN,1.4
NaN,2
NaN,34
NaN,2.1
,
3.7,9.7
3.9,2.2
NaN,1.6
NaN,10
3,42
NaN,13
NaN,2.7
NaN,8.7
NaN,32
NaN,10
4.2,67
3,17
NaN,40
NaN,21
4.2,15
NaN,12
NaN,9.7
4.2,31
3.7,4
,
4.5,8.6
4.6,25
4.7,26
4.3,6.4
2.3,88
2.8,5.8
2.8,41
3.6,2.5
,
3.2,6.6
3.5,24
3.8,9.8
3.5,32
4.2,72
NaN,19
4.5,8.1
3.4,6.2
3,8.4
4.4,19
4,8.5
NaN,43
4.3,23
NaN,48
4.1,20
3.6,5.2
3.7,3.9
4.2,52
3.7,1.3
4.3,25
NaN,11
NaN,16
3.3,1
4.4,61
4.8,15
,
4,54
4.9,19
4,19
,
4.6,33
,
3.6,64
3.9,72
3.9,45
,
4.2,27
4.4,69
NaN,4.9
NaN,4.4
4.3,8.6
NaN,13
NaN,8.7
NaN,12
NaN,29
,
NaN,5.8
4.3,36
NaN,17
NaN,17
3.4,1.9
,
3.5,12
NaN,7.1
4.2,96
4.2,21
NaN,6.5
,
NaN,62
,
3.8,82
,
4,69
4.5,22
3.8,34
4.9,63
,
,
3.5,14
3,1.8
4.5,95
4.7,30
,
3.3,16
,
4.1,4.3
3.7,67
3.9,12
3.5,8.5
4.4,48
4,62
4,95
4.6,5.2
,
4.5,23
4.3,2.8
,
4.3,13
4.1,1.1
4.2,4.6
2.7,170
4.2,1.1
2.3,1
,
4.1,11
2.9,141
3.3,160
,
4.3,86
2.9,144
3.5,141
2.8,143
NaN,6.3
4.3,17
3.5,7.9
4.6,190
4.2,6
4.2,3.5
3.7,26
4.7,93
3.9,21
4.3,2.3
,
4,64
4.4,8.1
3.7,376
4.3,13
3.5,8
NaN,29
4.3,42
4,19
4.5,17
4.2,2.5
4.3,3.6
4.1,3.9
2.5,54
2.7,6.8
NaN,38
NaN,44
NaN,30
NaN,8.4
1.2,27
NaN,10
NaN,15
NaN,27
4.7,5.1
4.9,3.4
4.7,10
NaN,19
NaN,54
4.4,3.1
4.7,2.7
4,1.7
NaN,8.4
4.7,1.2
4.3,19
NaN,12
4.7,44
NaN,26
4.4,99
NaN,19
NaN,18
NaN,3.3
NaN,30
NaN,24
NaN,4.5
4.6,15
NaN,10
NaN,18
NaN,13
4.4,4.5
4.4,3.3
4.4,21
4.6,10
3.1,36
4.3,33
3.7,4.3
4.6,9.6
NaN,656
4.1,61
4.2,14
4.4,5.4
4.1,1.3
,
4.4,2.8
3.8,47
,
,
2.8,7.6
3.1,4.6
2.9,10
4.1,4.6
3.3,13
3.5,1.2
4.2,2.9
2.8,10
2.1,4.8
4.4,36
4.4,3.5
,
4.1,50
3.3,51
3.5,11
4.7,29
3.1,46
4.3,46
4.1,1.4
4.2,1.2
2.5,228
,
3,9.8
3.2,39
4.3,193
4.3,12
4.2,192
4.3,57
2.2,2.1
3.9,3.9
2.8,11
4.4,2.3
4.6,8.5
4.4,1.4
3.9,473
2.9,2.4
4.1,3.9
5,68
4.6,1.6
,
NaN,1.8
4.4,4
4.2,1.5
4.4,26
3.9,3
3.6,71
3.4,246
NaN,3.6
4.3,1.3
4.3,24
4.4,68
NaN,1.3
4.3,44
4.3,7
NaN,5.4
NaN,7.6
NaN,14
4.4,71
NaN,2.6
4,10
4.5,48
4.6,25
4.3,6.3
4.1,96
4.4,10
3.5,47
4.1,3.2
,
,
4.3,5.8
4.5,23
,
4,1.1
4.3,4.6
,
3.4,6.3
,
4.3,4.3
4.7,4.8
4.5,4.2
4.3,3.6
4.1,4
4.1,3.9
4.4,8.7
4.6,9.9
NaN,5.1
3.8,1.8
3.9,1.5
4.2,7
,
3.7,18
4.3,3.4
4.2,3.3
3.6,1.5
4.3,5.1
4.3,10
4.3,1.6
4.5,3.2
4.3,3
4.7,10
3.8,2.8
4,2.5
4.1,1.3
NaN,11
3.9,15
4.3,3.1
3.4,2.8
NaN,3.7
4.2,6.1
4.5,4.5
4.4,30
4.2,6.2
4.7,20
4.6,38
4.4,20
4.4,3.1
4.8,6.4
4.6,71
4.3,11
4.4,11
4.4,2.6
3.3,33
4.5,21
4.6,41
4.3,12
4.9,21
4.3,2.8
NaN,3.6
4.5,14
4.9,29
3.7,76
4.5,5.7
4.6,17
4.5,28
4.1,4.6
,
NaN,19
5,3.1
3.4,79
4.5,36
4.8,17
4.5,7.8
4.5,89
4.5,49
4.5,12
4.5,3
4.1,57
4.1,16
3.6,13
4.7,5.9
4.6,40
4.9,14
,
4.1,73
4.5,3.5
3.9,17
3.9,7.9
4.6,19
3.8,30
4.7,12
3.9,42
4.1,7.4
3.9,9.1
4,7.5
4.3,4.8
4,7.4
4.4,4.9
4.1,9.1
5,4.2
4.8,2.7
NaN,75
4.6,3.9
5,2.3
4.2,35
4.7,3.5
4,9.1
4.4,1.5
4.9,26
3.5,7.4
4.1,2.1
4.2,4.7
4.4,3.4
NaN,4.2
4.5,4.6
3.1,7.1
NaN,21
4.5,2.7
4.6,4.4
4.3,14
4.4,17
,
4.3,9
4.8,4.5
2.8,21
4.1,15
1,21
3,8
5,11
4.5,53
NaN,21
NaN,2.9
NaN,20
NaN,2.9
NaN,20
NaN,47
NaN,12
5,12
4.1,17
NaN,10
NaN,26
NaN,9.2
4.4,9.8
3,17
NaN,658
3.8,30
NaN,1.8
3.9,97
NaN,2.9
NaN,15
NaN,5.3
5,8.3
NaN,20
NaN,3
NaN,5.6
4.5,7.9
NaN,22
NaN,5
NaN,11
5,15
NaN,7.5
NaN,4.1
3.3,13
NaN,12
4.5,60
4.9,25
NaN,4.6
NaN,1.7
NaN,6.5
NaN,36
NaN,17
NaN,6.5
4.3,39
4.5,46
4.1,52
4.8,7.7
3.8,30
4.1,17
3.9,39
NaN,30
4.2,12
4.2,45
4.8,29
4.1,48
4.1,50
,
3.9,66
4.1,27
4.1,51
4.2,69
3.7,21
3.9,14
3.9,19
3.6,61
3.7,28
3.6,49
4.3,94
3.9,23
4.5,94
2.6,2.5
4.4,13
NaN,34
1,33
NaN,16
NaN,992
NaN,18
NaN,8.1
4.2,15
4.8,8.2
5,8.1
4.3,27
,
4.5,4.1
NaN,20
4.9,6
NaN,17
NaN,4.7
NaN,14
5,5.8
NaN,9.9
NaN,9.9
4.2,49
4.2,14
NaN,7.6
NaN,7.8
4,46
2.1,29
NaN,3.6
4.2,49
NaN,29
2.5,8.2
4.4,54
4.4,18
4.6,56
NaN,26
NaN,3.3
4.4,40
4.2,14
4.5,24
3.3,37
,
,
4.5,22
4.1,16
4.8,2
4.6,3.5
4.4,8.5
3.8,253
3.7,957
,
3.7,420
4.3,13
4.5,2.4
3.5,3.4
4,5.1
,
2.9,9.7
3.9,72
,
4.6,2.4
2.1,35
4.7,3.9
4.5,26
4.1,29
4.5,5.8
3.7,2.8
2.9,5.8
4,2.1
4.2,1.4
3.7,3.9
3.6,7.5
3.9,58
3.4,4
3.5,404
19,1
4.2,4.1
3.4,14
3.9,2.6
3,7.6
3.6,11
3.2,8
4.1,2.3
4.1,49
4.2,43
4.2,10
NaN,16
4.7,24
NaN,6.2
4.6,27
4.5,46
NaN,2.4
4.3,36
4.5,17
4.5,8
4.4,37
4.3,33
NaN,15
NaN,15
NaN,13
NaN,11
4.2,25
NaN,16
3.7,15
NaN,15
,
4.3,43
4,43
3.5,36
4.2,23
4.4,99
4.2,46
,
NaN,20
3.8,45
3.9,2.9
4,21
3.8,35
3.6,41
4.2,2.2
NaN,2.5
3.8,35
NaN,1.5
3.7,54
4,44
4.2,27
4.4,8.5
NaN,22
NaN,26
4.4,63
4.9,20
NaN,26
5,3.5
NaN,26
4.8,10
NaN,5.5
NaN,26
NaN,26
NaN,26
NaN,26
NaN,26
NaN,26
NaN,26
4,2.4
NaN,26
NaN,26
NaN,26
NaN,26
NaN,26
NaN,26
NaN,13
NaN,26
4,25
NaN,26
NaN,26
4.9,15
NaN,18
3.8,21
NaN,26
4.9,17
NaN,26
NaN,12
NaN,26
NaN,26
NaN,26
1.5,26
NaN,26
5,2.6
NaN,27
4.8,15
NaN,26
3.9,17
3.7,45
4.6,24
4.7,11
4.6,3.1
4.3,30
4.2,3.2
4.6,5.6
4.7,7.1
4.6,7.1
2,31
3.6,34
3.2,9.2
3.8,36
4,15
3.8,2
3.8,6.1
,
4.4,22
4.4,4.4
3.8,86
4.3,13
4.6,12
1,41
3.2,8.2
4.7,8
4.3,15
4.5,470
4.1,5.3
4.9,9.4
4.1,2.2
4.2,43
3.5,226
4.2,20
5,21
3.8,37
4.7,26
NaN,3.4
NaN,22
4.5,7.8
NaN,3.4
5,28
3.3,7.8
5,2.6
NaN,3.9
4,7.6
4.5,8.1
3.2,9.5
4.5,1.8
4.2,16
NaN,3.2
3.7,45
3.8,14
5,12
NaN,49
4.1,13
2.9,9.9
NaN,3.9
NaN,7.6
NaN,28
4.7,12
5,69
3.2,34
NaN,9.2
3.8,5.4
3.8,8.7
4.6,18
4.6,5.7
4.4,12
4.8,15
4.2,1.6
3.3,38
3.9,11
4.5,14
,
4.3,30
4.4,13
,
4.6,19
,
3.4,10
4.6,45
NaN,5.3
NaN,19
4.2,7
NaN,5.6
NaN,11
4.8,12
5,9.2
NaN,11
NaN,13
5,3.3
NaN,14
NaN,8.8
NaN,7.3
3.8,14
NaN,8.5
2.9,3.3
4.6,9
3.8,240
NaN,8.2
NaN,7.9
NaN,1.6
4.1,34
NaN,2.1
4.5,59
NaN,5.2
4.2,89
NaN,3.6
2.5,234
3.5,257
,
4.4,9.8
,
4.3,36
4.2,20
4.2,28
4.1,3.2
4.2,50
4.3,41
4.5,364
4.4,3.1
5,861
4.6,1.6
NaN,15
NaN,17
NaN,16
NaN,15
NaN,11
5,16
NaN,15
NaN,19
NaN,16
NaN,2.8
NaN,1.3
3.4,21
NaN,18
NaN,5.2
4.6,2
,
NaN,9.7
NaN,17
3.8,4.3
4.1,54
,
,
4.4,7.2
3,1.4
4.2,11
4.2,49
3.9,15
4.2,25
4.4,4
5,16
4,11
4.3,40
4.6,3.7
,
4.4,24
4.1,16
4.2,8.1
4.3,6.3
4.5,60
3.9,46
4.3,467
3.5,1.4
NaN,22
NaN,157
NaN,2.6
4,44
3.8,11
3.6,39
4.3,4.4
4.2,1.7
5,7.9
3.4,1.2
NaN,2
NaN,5.8
NaN,61
3.5,3.8
NaN,3.3
3.7,29
4.2,3.3
NaN,44
3.6,26
4.5,12
4.2,3.3
4.3,676
4.4,2.5
2.7,72
4.1,4.3
NaN,67
4.4,2.4
NaN,8
NaN,11
4.5,552
NaN,885
,
2.9,7
4.8,16
3.8,24
NaN,12
4,41
3.9,2.4
NaN,3.9
NaN,8.9
NaN,36
NaN,9
5,24
3.9,2.2
4,38
3.6,75
4.1,50
4.3,44
3.8,11
4.2,72
4.3,84
4.2,9.5
4.2,2.8
4.1,48
NaN,20
4,48
4.1,20
4,38
4.2,16
4.4,78
NaN,5.7
4.2,4
4.7,7.8
4.6,46
NaN,1020
4.7,6.8
4.1,12
4.9,19
4,28
4.3,81
4.2,17
4.3,15
NaN,42
NaN,4.2
NaN,1
4.7,24
4.8,21
NaN,3.9
4.1,13
NaN,2.7
4,31
4.2,4.9
NaN,6.8
4,8
NaN,1.5
3.3,3.6
5,8.6
NaN,2.5
NaN,3.1
NaN,2.9
NaN,82
NaN,7.7
,
4.2,13
3.4,13
4.6,7.4
3.8,2.3
NaN,9.8
3.8,582
4.8,619
4,2.6
NaN,9.6
4.5,53
5,3.6
NaN,9.5
,
4.5,19
